10	0	1	0.000210
10	0	1	0.000212
10	0	1	0.000212
10	0	1	0.000219
10	0	1	0.000220
10	0	2	0.000227
10	0	2	0.000227
10	0	2	0.000225
10	0	2	0.000225
10	0	2	0.000234
10	0	3	0.000225
10	0	3	0.000226
10	0	3	0.000228
10	0	3	0.000221
10	0	3	0.000226
10	0	4	0.000222
10	0	4	0.000220
10	0	4	0.000223
10	0	4	0.000223
10	0	4	0.000225
10	0	6	0.000229
10	0	6	0.000221
10	0	6	0.000230
10	0	6	0.000229
10	0	6	0.000223
10	0	8	0.000221
10	0	8	0.000219
10	0	8	0.000229
10	0	8	0.000225
10	0	8	0.000218
10	0	12	0.000221
10	0	12	0.000234
10	0	12	0.000221
10	0	12	0.000223
10	0	12	0.000221
10	0	16	0.000221
10	0	16	0.000222
10	0	16	0.000224
10	0	16	0.000221
10	0	16	0.000221
10	0	24	0.000221
10	0	24	0.000221
10	0	24	0.000228
10	0	24	0.000218
10	0	24	0.000222
10	0	32	0.000224
10	0	32	0.000220
10	0	32	0.000222
10	0	32	0.000226
10	0	32	0.000215
10	1	1	0.000212
10	1	1	0.000212
10	1	1	0.000217
10	1	1	0.000209
10	1	1	0.000224
10	1	2	0.000229
10	1	2	0.000232
10	1	2	0.000225
10	1	2	0.000223
10	1	2	0.000223
10	1	3	0.000227
10	1	3	0.000227
10	1	3	0.000225
10	1	3	0.000225
10	1	3	0.000225
10	1	4	0.000235
10	1	4	0.000231
10	1	4	0.000223
10	1	4	0.000236
10	1	4	0.000224
10	1	6	0.000228
10	1	6	0.000223
10	1	6	0.000220
10	1	6	0.000223
10	1	6	0.000230
10	1	8	0.000220
10	1	8	0.000225
10	1	8	0.000232
10	1	8	0.000221
10	1	8	0.000222
10	1	12	0.000221
10	1	12	0.000219
10	1	12	0.000223
10	1	12	0.000222
10	1	12	0.000222
10	1	16	0.000220
10	1	16	0.000226
10	1	16	0.000230
10	1	16	0.000220
10	1	16	0.000221
10	1	24	0.000222
10	1	24	0.000228
10	1	24	0.000229
10	1	24	0.000218
10	1	24	0.000218
10	1	32	0.000222
10	1	32	0.000219
10	1	32	0.000222
10	1	32	0.000221
10	1	32	0.000228
10	2	1	0.000218
10	2	1	0.000218
10	2	1	0.000221
10	2	1	0.000214
10	2	1	0.000211
10	2	2	0.000229
10	2	2	0.000225
10	2	2	0.000225
10	2	2	0.000222
10	2	2	0.000227
10	2	3	0.000224
10	2	3	0.000229
10	2	3	0.000220
10	2	3	0.000225
10	2	3	0.000226
10	2	4	0.000220
10	2	4	0.000223
10	2	4	0.000222
10	2	4	0.000221
10	2	4	0.000219
10	2	6	0.000220
10	2	6	0.000221
10	2	6	0.000224
10	2	6	0.000229
10	2	6	0.000224
10	2	8	0.000222
10	2	8	0.000229
10	2	8	0.000223
10	2	8	0.000219
10	2	8	0.000223
10	2	12	0.000228
10	2	12	0.000231
10	2	12	0.000223
10	2	12	0.000225
10	2	12	0.000223
10	2	16	0.000218
10	2	16	0.000225
10	2	16	0.000220
10	2	16	0.000227
10	2	16	0.000222
10	2	24	0.000217
10	2	24	0.000221
10	2	24	0.000227
10	2	24	0.000226
10	2	24	0.000221
10	2	32	0.000219
10	2	32	0.000219
10	2	32	0.000221
10	2	32	0.000218
10	2	32	0.000240
10	3	1	0.000209
10	3	1	0.000211
10	3	1	0.000209
10	3	1	0.000212
10	3	1	0.000214
10	3	2	0.000223
10	3	2	0.000223
10	3	2	0.000228
10	3	2	0.000225
10	3	2	0.000222
10	3	3	0.000225
10	3	3	0.000225
10	3	3	0.000229
10	3	3	0.000220
10	3	3	0.000226
10	3	4	0.000225
10	3	4	0.000234
10	3	4	0.000224
10	3	4	0.000221
10	3	4	0.000219
10	3	6	0.000229
10	3	6	0.000236
10	3	6	0.000232
10	3	6	0.000226
10	3	6	0.000218
10	3	8	0.000222
10	3	8	0.000222
10	3	8	0.000222
10	3	8	0.000230
10	3	8	0.000227
10	3	12	0.000222
10	3	12	0.000222
10	3	12	0.000223
10	3	12	0.000228
10	3	12	0.000229
10	3	16	0.000223
10	3	16	0.000218
10	3	16	0.000222
10	3	16	0.000217
10	3	16	0.000221
10	3	24	0.000222
10	3	24	0.000223
10	3	24	0.000223
10	3	24	0.000222
10	3	24	0.000222
10	3	32	0.000234
10	3	32	0.000226
10	3	32	0.000221
10	3	32	0.000221
10	3	32	0.000230
10	4	1	0.000209
10	4	1	0.000213
10	4	1	0.000213
10	4	1	0.000210
10	4	1	0.000211
10	4	2	0.000224
10	4	2	0.000234
10	4	2	0.000227
10	4	2	0.000227
10	4	2	0.000223
10	4	3	0.000226
10	4	3	0.000224
10	4	3	0.000224
10	4	3	0.000224
10	4	3	0.000220
10	4	4	0.000227
10	4	4	0.000231
10	4	4	0.000223
10	4	4	0.000221
10	4	4	0.000222
10	4	6	0.000224
10	4	6	0.000223
10	4	6	0.000226
10	4	6	0.000226
10	4	6	0.000225
10	4	8	0.000226
10	4	8	0.000224
10	4	8	0.000224
10	4	8	0.000231
10	4	8	0.000219
10	4	12	0.000220
10	4	12	0.000221
10	4	12	0.000222
10	4	12	0.000224
10	4	12	0.000225
10	4	16	0.000221
10	4	16	0.000221
10	4	16	0.000222
10	4	16	0.000220
10	4	16	0.000226
10	4	24	0.000219
10	4	24	0.000218
10	4	24	0.000223
10	4	24	0.000221
10	4	24	0.000219
10	4	32	0.000238
10	4	32	0.000228
10	4	32	0.000224
10	4	32	0.000222
10	4	32	0.000231
20	0	1	0.000371
20	0	1	0.000364
20	0	1	0.000374
20	0	1	0.000368
20	0	1	0.000367
20	0	2	0.000384
20	0	2	0.000384
20	0	2	0.000379
20	0	2	0.000385
20	0	2	0.000388
20	0	3	0.000389
20	0	3	0.000390
20	0	3	0.000389
20	0	3	0.000381
20	0	3	0.000384
20	0	4	0.000389
20	0	4	0.000380
20	0	4	0.000380
20	0	4	0.000380
20	0	4	0.000374
20	0	6	0.000394
20	0	6	0.000384
20	0	6	0.000382
20	0	6	0.000388
20	0	6	0.000378
20	0	8	0.000386
20	0	8	0.000377
20	0	8	0.000380
20	0	8	0.000383
20	0	8	0.000387
20	0	12	0.000385
20	0	12	0.000389
20	0	12	0.000384
20	0	12	0.000381
20	0	12	0.000385
20	0	16	0.000382
20	0	16	0.000427
20	0	16	0.000379
20	0	16	0.000380
20	0	16	0.000378
20	0	24	0.000378
20	0	24	0.000377
20	0	24	0.000387
20	0	24	0.000376
20	0	24	0.000380
20	0	32	0.000390
20	0	32	0.000384
20	0	32	0.000385
20	0	32	0.000384
20	0	32	0.000386
20	1	1	0.000382
20	1	1	0.000367
20	1	1	0.000373
20	1	1	0.000372
20	1	1	0.000374
20	1	2	0.000393
20	1	2	0.000385
20	1	2	0.000389
20	1	2	0.000385
20	1	2	0.000388
20	1	3	0.000385
20	1	3	0.000384
20	1	3	0.000383
20	1	3	0.000382
20	1	3	0.000397
20	1	4	0.000392
20	1	4	0.000388
20	1	4	0.000393
20	1	4	0.000391
20	1	4	0.000390
20	1	6	0.000383
20	1	6	0.000389
20	1	6	0.000386
20	1	6	0.000386
20	1	6	0.000381
20	1	8	0.000373
20	1	8	0.000387
20	1	8	0.000383
20	1	8	0.000391
20	1	8	0.000389
20	1	12	0.000390
20	1	12	0.000376
20	1	12	0.000384
20	1	12	0.000388
20	1	12	0.000385
20	1	16	0.000377
20	1	16	0.000386
20	1	16	0.000390
20	1	16	0.000383
20	1	16	0.000389
20	1	24	0.000382
20	1	24	0.000381
20	1	24	0.000387
20	1	24	0.000386
20	1	24	0.000380
20	1	32	0.000376
20	1	32	0.000378
20	1	32	0.000386
20	1	32	0.000388
20	1	32	0.000380
20	2	1	0.000369
20	2	1	0.000430
20	2	1	0.000369
20	2	1	0.000379
20	2	1	0.000372
20	2	2	0.000393
20	2	2	0.000388
20	2	2	0.000380
20	2	2	0.000381
20	2	2	0.000381
20	2	3	0.000382
20	2	3	0.000390
20	2	3	0.000384
20	2	3	0.000396
20	2	3	0.000391
20	2	4	0.000381
20	2	4	0.000394
20	2	4	0.000378
20	2	4	0.000397
20	2	4	0.000385
20	2	6	0.000381
20	2	6	0.000376
20	2	6	0.000387
20	2	6	0.000383
20	2	6	0.000381
20	2	8	0.000386
20	2	8	0.000380
20	2	8	0.000383
20	2	8	0.000381
20	2	8	0.000387
20	2	12	0.000377
20	2	12	0.000386
20	2	12	0.000381
20	2	12	0.000386
20	2	12	0.000387
20	2	16	0.000385
20	2	16	0.000382
20	2	16	0.000380
20	2	16	0.000382
20	2	16	0.000378
20	2	24	0.000390
20	2	24	0.000383
20	2	24	0.000385
20	2	24	0.000379
20	2	24	0.000392
20	2	32	0.000377
20	2	32	0.000391
20	2	32	0.000390
20	2	32	0.000393
20	2	32	0.000383
20	3	1	0.000383
20	3	1	0.000371
20	3	1	0.000367
20	3	1	0.000369
20	3	1	0.000368
20	3	2	0.000388
20	3	2	0.000385
20	3	2	0.000379
20	3	2	0.000381
20	3	2	0.000389
20	3	3	0.000387
20	3	3	0.000377
20	3	3	0.000385
20	3	3	0.000377
20	3	3	0.000380
20	3	4	0.000385
20	3	4	0.000395
20	3	4	0.000380
20	3	4	0.000387
20	3	4	0.000379
20	3	6	0.000377
20	3	6	0.000379
20	3	6	0.000381
20	3	6	0.000385
20	3	6	0.000385
20	3	8	0.000388
20	3	8	0.000378
20	3	8	0.000388
20	3	8	0.000387
20	3	8	0.000382
20	3	12	0.000386
20	3	12	0.000385
20	3	12	0.000385
20	3	12	0.000381
20	3	12	0.000391
20	3	16	0.000386
20	3	16	0.000384
20	3	16	0.000384
20	3	16	0.000382
20	3	16	0.000381
20	3	24	0.000382
20	3	24	0.000386
20	3	24	0.000385
20	3	24	0.000380
20	3	24	0.000383
20	3	32	0.000383
20	3	32	0.000377
20	3	32	0.000393
20	3	32	0.000377
20	3	32	0.000381
20	4	1	0.000377
20	4	1	0.000366
20	4	1	0.000371
20	4	1	0.000369
20	4	1	0.000370
20	4	2	0.000391
20	4	2	0.000398
20	4	2	0.000381
20	4	2	0.000382
20	4	2	0.000384
20	4	3	0.000385
20	4	3	0.000380
20	4	3	0.000379
20	4	3	0.000398
20	4	3	0.000380
20	4	4	0.000379
20	4	4	0.000385
20	4	4	0.000382
20	4	4	0.000378
20	4	4	0.000394
20	4	6	0.000389
20	4	6	0.000383
20	4	6	0.000380
20	4	6	0.000386
20	4	6	0.000388
20	4	8	0.000385
20	4	8	0.000389
20	4	8	0.000383
20	4	8	0.000389
20	4	8	0.000388
20	4	12	0.000379
20	4	12	0.000385
20	4	12	0.000381
20	4	12	0.000387
20	4	12	0.000383
20	4	16	0.000380
20	4	16	0.000381
20	4	16	0.000376
20	4	16	0.000385
20	4	16	0.000382
20	4	24	0.000388
20	4	24	0.000388
20	4	24	0.000392
20	4	24	0.000390
20	4	24	0.000390
20	4	32	0.000386
20	4	32	0.000382
20	4	32	0.000380
20	4	32	0.000384
20	4	32	0.000383
50	0	1	0.000885
50	0	1	0.000876
50	0	1	0.000879
50	0	1	0.000879
50	0	1	0.000867
50	0	2	0.000871
50	0	2	0.000945
50	0	2	0.000910
50	0	2	0.000864
50	0	2	0.000892
50	0	3	0.000925
50	0	3	0.000907
50	0	3	0.000892
50	0	3	0.000891
50	0	3	0.000897
50	0	4	0.000894
50	0	4	0.000883
50	0	4	0.000890
50	0	4	0.000874
50	0	4	0.000907
50	0	6	0.000895
50	0	6	0.000892
50	0	6	0.000917
50	0	6	0.000888
50	0	6	0.000897
50	0	8	0.000890
50	0	8	0.000909
50	0	8	0.000890
50	0	8	0.000888
50	0	8	0.000898
50	0	12	0.000921
50	0	12	0.000902
50	0	12	0.000886
50	0	12	0.000887
50	0	12	0.000884
50	0	16	0.000897
50	0	16	0.000898
50	0	16	0.000900
50	0	16	0.000884
50	0	16	0.000885
50	0	24	0.000913
50	0	24	0.000880
50	0	24	0.000929
50	0	24	0.000901
50	0	24	0.000897
50	0	32	0.000927
50	0	32	0.000916
50	0	32	0.000913
50	0	32	0.000905
50	0	32	0.000924
50	1	1	0.000888
50	1	1	0.000896
50	1	1	0.000888
50	1	1	0.000871
50	1	1	0.000913
50	1	2	0.000896
50	1	2	0.000870
50	1	2	0.000889
50	1	2	0.000888
50	1	2	0.000893
50	1	3	0.000907
50	1	3	0.000884
50	1	3	0.000881
50	1	3	0.000893
50	1	3	0.000900
50	1	4	0.000906
50	1	4	0.000898
50	1	4	0.000869
50	1	4	0.000896
50	1	4	0.000897
50	1	6	0.000897
50	1	6	0.000903
50	1	6	0.000876
50	1	6	0.000896
50	1	6	0.000887
50	1	8	0.000892
50	1	8	0.000893
50	1	8	0.000891
50	1	8	0.000887
50	1	8	0.000877
50	1	12	0.000888
50	1	12	0.000892
50	1	12	0.000887
50	1	12	0.000906
50	1	12	0.000878
50	1	16	0.000885
50	1	16	0.000891
50	1	16	0.000892
50	1	16	0.000893
50	1	16	0.000877
50	1	24	0.000910
50	1	24	0.000885
50	1	24	0.000895
50	1	24	0.000902
50	1	24	0.000877
50	1	32	0.000927
50	1	32	0.000922
50	1	32	0.000921
50	1	32	0.000915
50	1	32	0.000911
50	2	1	0.000887
50	2	1	0.000879
50	2	1	0.000870
50	2	1	0.000884
50	2	1	0.000872
50	2	2	0.000898
50	2	2	0.000905
50	2	2	0.000875
50	2	2	0.000898
50	2	2	0.000872
50	2	3	0.000889
50	2	3	0.000887
50	2	3	0.000906
50	2	3	0.000897
50	2	3	0.000869
50	2	4	0.000895
50	2	4	0.000878
50	2	4	0.000895
50	2	4	0.000877
50	2	4	0.000884
50	2	6	0.000975
50	2	6	0.000882
50	2	6	0.000936
50	2	6	0.000898
50	2	6	0.000882
50	2	8	0.000891
50	2	8	0.000921
50	2	8	0.000892
50	2	8	0.000900
50	2	8	0.000890
50	2	12	0.000931
50	2	12	0.000924
50	2	12	0.000890
50	2	12	0.000875
50	2	12	0.000883
50	2	16	0.000891
50	2	16	0.000879
50	2	16	0.000894
50	2	16	0.000894
50	2	16	0.000886
50	2	24	0.000933
50	2	24	0.000872
50	2	24	0.000880
50	2	24	0.000890
50	2	24	0.000884
50	2	32	0.000930
50	2	32	0.000953
50	2	32	0.000919
50	2	32	0.000919
50	2	32	0.000932
50	3	1	0.000905
50	3	1	0.000884
50	3	1	0.000877
50	3	1	0.000875
50	3	1	0.000859
50	3	2	0.000896
50	3	2	0.000895
50	3	2	0.001014
50	3	2	0.000874
50	3	2	0.000882
50	3	3	0.000884
50	3	3	0.000893
50	3	3	0.000899
50	3	3	0.000893
50	3	3	0.000888
50	3	4	0.000894
50	3	4	0.000883
50	3	4	0.000894
50	3	4	0.000895
50	3	4	0.000896
50	3	6	0.000898
50	3	6	0.000886
50	3	6	0.000883
50	3	6	0.000893
50	3	6	0.000882
50	3	8	0.000913
50	3	8	0.000886
50	3	8	0.000926
50	3	8	0.000886
50	3	8	0.000915
50	3	12	0.000901
50	3	12	0.000909
50	3	12	0.000878
50	3	12	0.000894
50	3	12	0.000882
50	3	16	0.000877
50	3	16	0.000889
50	3	16	0.000888
50	3	16	0.000885
50	3	16	0.000870
50	3	24	0.000896
50	3	24	0.000889
50	3	24	0.000881
50	3	24	0.000884
50	3	24	0.000873
50	3	32	0.000914
50	3	32	0.000911
50	3	32	0.000924
50	3	32	0.000932
50	3	32	0.000920
50	4	1	0.000879
50	4	1	0.000879
50	4	1	0.000883
50	4	1	0.000895
50	4	1	0.000880
50	4	2	0.000899
50	4	2	0.000903
50	4	2	0.000917
50	4	2	0.000879
50	4	2	0.000881
50	4	3	0.000888
50	4	3	0.000901
50	4	3	0.000891
50	4	3	0.000901
50	4	3	0.000884
50	4	4	0.000890
50	4	4	0.000896
50	4	4	0.000894
50	4	4	0.000907
50	4	4	0.000881
50	4	6	0.000889
50	4	6	0.000885
50	4	6	0.000935
50	4	6	0.000892
50	4	6	0.000894
50	4	8	0.000899
50	4	8	0.000889
50	4	8	0.000895
50	4	8	0.000891
50	4	8	0.000890
50	4	12	0.000904
50	4	12	0.000921
50	4	12	0.000889
50	4	12	0.000915
50	4	12	0.000885
50	4	16	0.000903
50	4	16	0.000897
50	4	16	0.000918
50	4	16	0.000911
50	4	16	0.000896
50	4	24	0.000924
50	4	24	0.000876
50	4	24	0.000889
50	4	24	0.000908
50	4	24	0.000884
50	4	32	0.000920
50	4	32	0.000938
50	4	32	0.000922
50	4	32	0.000925
50	4	32	0.000919
100	0	1	0.001850
100	0	1	0.001860
100	0	1	0.001848
100	0	1	0.001844
100	0	1	0.001867
100	0	2	0.001855
100	0	2	0.001884
100	0	2	0.001870
100	0	2	0.001841
100	0	2	0.001880
100	0	3	0.001874
100	0	3	0.001878
100	0	3	0.001863
100	0	3	0.001879
100	0	3	0.001873
100	0	4	0.001881
100	0	4	0.001880
100	0	4	0.001873
100	0	4	0.001864
100	0	4	0.001899
100	0	6	0.001864
100	0	6	0.001891
100	0	6	0.001867
100	0	6	0.001936
100	0	6	0.001902
100	0	8	0.001866
100	0	8	0.001883
100	0	8	0.001872
100	0	8	0.001883
100	0	8	0.001889
100	0	12	0.001863
100	0	12	0.001918
100	0	12	0.001877
100	0	12	0.001939
100	0	12	0.001866
100	0	16	0.001866
100	0	16	0.001905
100	0	16	0.001877
100	0	16	0.001870
100	0	16	0.001885
100	0	24	0.001866
100	0	24	0.001872
100	0	24	0.001867
100	0	24	0.001876
100	0	24	0.001885
100	0	32	0.001865
100	0	32	0.001923
100	0	32	0.001943
100	0	32	0.001918
100	0	32	0.001893
100	1	1	0.001851
100	1	1	0.001898
100	1	1	0.001851
100	1	1	0.001861
100	1	1	0.001855
100	1	2	0.001862
100	1	2	0.001886
100	1	2	0.001868
100	1	2	0.001857
100	1	2	0.001871
100	1	3	0.001891
100	1	3	0.001866
100	1	3	0.001878
100	1	3	0.001877
100	1	3	0.001866
100	1	4	0.001881
100	1	4	0.001877
100	1	4	0.001894
100	1	4	0.001880
100	1	4	0.001879
100	1	6	0.001886
100	1	6	0.001908
100	1	6	0.001866
100	1	6	0.001885
100	1	6	0.001886
100	1	8	0.001889
100	1	8	0.001892
100	1	8	0.001865
100	1	8	0.001909
100	1	8	0.001878
100	1	12	0.001909
100	1	12	0.001869
100	1	12	0.001876
100	1	12	0.001875
100	1	12	0.001866
100	1	16	0.001874
100	1	16	0.001885
100	1	16	0.001860
100	1	16	0.001864
100	1	16	0.001919
100	1	24	0.001868
100	1	24	0.001858
100	1	24	0.001841
100	1	24	0.001854
100	1	24	0.001919
100	1	32	0.001912
100	1	32	0.001908
100	1	32	0.001872
100	1	32	0.001866
100	1	32	0.001899
100	2	1	0.001870
100	2	1	0.001856
100	2	1	0.001866
100	2	1	0.001841
100	2	1	0.001870
100	2	2	0.001881
100	2	2	0.001855
100	2	2	0.001846
100	2	2	0.001873
100	2	2	0.001875
100	2	3	0.001883
100	2	3	0.001851
100	2	3	0.001853
100	2	3	0.001882
100	2	3	0.001884
100	2	4	0.001854
100	2	4	0.001874
100	2	4	0.001859
100	2	4	0.001874
100	2	4	0.001882
100	2	6	0.001933
100	2	6	0.001911
100	2	6	0.001876
100	2	6	0.001889
100	2	6	0.001915
100	2	8	0.001909
100	2	8	0.001894
100	2	8	0.001846
100	2	8	0.001945
100	2	8	0.001880
100	2	12	0.001881
100	2	12	0.001885
100	2	12	0.001871
100	2	12	0.001881
100	2	12	0.001875
100	2	16	0.001890
100	2	16	0.001915
100	2	16	0.001863
100	2	16	0.001863
100	2	16	0.001871
100	2	24	0.001878
100	2	24	0.001872
100	2	24	0.001873
100	2	24	0.001916
100	2	24	0.001893
100	2	32	0.001921
100	2	32	0.001901
100	2	32	0.001939
100	2	32	0.001902
100	2	32	0.001922
100	3	1	0.001880
100	3	1	0.001871
100	3	1	0.001889
100	3	1	0.001854
100	3	1	0.001900
100	3	2	0.001901
100	3	2	0.001857
100	3	2	0.001885
100	3	2	0.001927
100	3	2	0.001876
100	3	3	0.001888
100	3	3	0.001834
100	3	3	0.001867
100	3	3	0.001882
100	3	3	0.001881
100	3	4	0.001848
100	3	4	0.001858
100	3	4	0.001886
100	3	4	0.001885
100	3	4	0.001877
100	3	6	0.001862
100	3	6	0.001917
100	3	6	0.001874
100	3	6	0.001882
100	3	6	0.001865
100	3	8	0.001918
100	3	8	0.001873
100	3	8	0.001886
100	3	8	0.001840
100	3	8	0.001883
100	3	12	0.001874
100	3	12	0.001877
100	3	12	0.001876
100	3	12	0.001872
100	3	12	0.001878
100	3	16	0.001912
100	3	16	0.001878
100	3	16	0.001871
100	3	16	0.001879
100	3	16	0.001905
100	3	24	0.001910
100	3	24	0.001877
100	3	24	0.001888
100	3	24	0.001878
100	3	24	0.001875
100	3	32	0.001906
100	3	32	0.001903
100	3	32	0.001950
100	3	32	0.001909
100	3	32	0.001918
100	4	1	0.001878
100	4	1	0.001877
100	4	1	0.001857
100	4	1	0.001840
100	4	1	0.001866
100	4	2	0.001880
100	4	2	0.001881
100	4	2	0.001869
100	4	2	0.001864
100	4	2	0.001856
100	4	3	0.001886
100	4	3	0.001910
100	4	3	0.001877
100	4	3	0.001943
100	4	3	0.001878
100	4	4	0.001875
100	4	4	0.001883
100	4	4	0.001871
100	4	4	0.001880
100	4	4	0.001876
100	4	6	0.001901
100	4	6	0.001919
100	4	6	0.001873
100	4	6	0.001936
100	4	6	0.001880
100	4	8	0.001899
100	4	8	0.001909
100	4	8	0.001956
100	4	8	0.001880
100	4	8	0.001887
100	4	12	0.001909
100	4	12	0.001877
100	4	12	0.001896
100	4	12	0.001873
100	4	12	0.001924
100	4	16	0.001906
100	4	16	0.001931
100	4	16	0.001869
100	4	16	0.001874
100	4	16	0.001882
100	4	24	0.001875
100	4	24	0.001870
100	4	24	0.001864
100	4	24	0.001875
100	4	24	0.001909
100	4	32	0.001914
100	4	32	0.001934
100	4	32	0.001929
100	4	32	0.001938
100	4	32	0.001919
200	0	1	0.004445
200	0	1	0.004328
200	0	1	0.004537
200	0	1	0.004356
200	0	1	0.004399
200	0	2	0.004453
200	0	2	0.004396
200	0	2	0.004372
200	0	2	0.004390
200	0	2	0.004427
200	0	3	0.004406
200	0	3	0.004355
200	0	3	0.004394
200	0	3	0.004385
200	0	3	0.004390
200	0	4	0.004459
200	0	4	0.004390
200	0	4	0.004517
200	0	4	0.004392
200	0	4	0.004412
200	0	6	0.004376
200	0	6	0.004453
200	0	6	0.004403
200	0	6	0.004433
200	0	6	0.004461
200	0	8	0.004445
200	0	8	0.004358
200	0	8	0.004357
200	0	8	0.004437
200	0	8	0.004438
200	0	12	0.004448
200	0	12	0.004386
200	0	12	0.004350
200	0	12	0.004410
200	0	12	0.004461
200	0	16	0.004437
200	0	16	0.004457
200	0	16	0.004352
200	0	16	0.004408
200	0	16	0.004431
200	0	24	0.004392
200	0	24	0.004430
200	0	24	0.004413
200	0	24	0.004395
200	0	24	0.004356
200	0	32	0.004355
200	0	32	0.004456
200	0	32	0.004433
200	0	32	0.004336
200	0	32	0.004395
200	1	1	0.004400
200	1	1	0.004391
200	1	1	0.004378
200	1	1	0.004427
200	1	1	0.004374
200	1	2	0.004449
200	1	2	0.004392
200	1	2	0.004399
200	1	2	0.004395
200	1	2	0.004461
200	1	3	0.004410
200	1	3	0.004512
200	1	3	0.004372
200	1	3	0.004426
200	1	3	0.004358
200	1	4	0.004479
200	1	4	0.004397
200	1	4	0.004420
200	1	4	0.004441
200	1	4	0.004421
200	1	6	0.004326
200	1	6	0.004511
200	1	6	0.004427
200	1	6	0.004315
200	1	6	0.004477
200	1	8	0.004452
200	1	8	0.004384
200	1	8	0.004499
200	1	8	0.004444
200	1	8	0.004471
200	1	12	0.004406
200	1	12	0.004476
200	1	12	0.004444
200	1	12	0.004358
200	1	12	0.004351
200	1	16	0.004429
200	1	16	0.004404
200	1	16	0.004381
200	1	16	0.004395
200	1	16	0.004444
200	1	24	0.004405
200	1	24	0.004400
200	1	24	0.004410
200	1	24	0.004443
200	1	24	0.004301
200	1	32	0.004363
200	1	32	0.004439
200	1	32	0.004323
200	1	32	0.004455
200	1	32	0.004387
200	2	1	0.004524
200	2	1	0.004438
200	2	1	0.004412
200	2	1	0.004395
200	2	1	0.004466
200	2	2	0.004391
200	2	2	0.004362
200	2	2	0.004443
200	2	2	0.004478
200	2	2	0.004461
200	2	3	0.004528
200	2	3	0.004511
200	2	3	0.004483
200	2	3	0.004479
200	2	3	0.004453
200	2	4	0.004429
200	2	4	0.004437
200	2	4	0.004468
200	2	4	0.004343
200	2	4	0.004344
200	2	6	0.004375
200	2	6	0.004470
200	2	6	0.004668
200	2	6	0.004336
200	2	6	0.004485
200	2	8	0.004388
200	2	8	0.004454
200	2	8	0.004397
200	2	8	0.004418
200	2	8	0.004364
200	2	12	0.004475
200	2	12	0.004394
200	2	12	0.004451
200	2	12	0.004449
200	2	12	0.004467
200	2	16	0.004417
200	2	16	0.004507
200	2	16	0.004426
200	2	16	0.004447
200	2	16	0.004529
200	2	24	0.004462
200	2	24	0.004381
200	2	24	0.004463
200	2	24	0.004417
200	2	24	0.004427
200	2	32	0.004419
200	2	32	0.004300
200	2	32	0.004405
200	2	32	0.004370
200	2	32	0.004463
200	3	1	0.004334
200	3	1	0.004428
200	3	1	0.004347
200	3	1	0.004408
200	3	1	0.004363
200	3	2	0.004326
200	3	2	0.004438
200	3	2	0.004392
200	3	2	0.004350
200	3	2	0.004423
200	3	3	0.004433
200	3	3	0.004470
200	3	3	0.004427
200	3	3	0.004496
200	3	3	0.004463
200	3	4	0.004416
200	3	4	0.004426
200	3	4	0.004444
200	3	4	0.004356
200	3	4	0.004455
200	3	6	0.004403
200	3	6	0.004418
200	3	6	0.004475
200	3	6	0.004419
200	3	6	0.004425
200	3	8	0.004317
200	3	8	0.004385
200	3	8	0.004365
200	3	8	0.004395
200	3	8	0.004414
200	3	12	0.004447
200	3	12	0.004464
200	3	12	0.004423
200	3	12	0.004468
200	3	12	0.004437
200	3	16	0.004426
200	3	16	0.004460
200	3	16	0.004392
200	3	16	0.004427
200	3	16	0.004512
200	3	24	0.004370
200	3	24	0.004394
200	3	24	0.004391
200	3	24	0.004451
200	3	24	0.004443
200	3	32	0.004477
200	3	32	0.004340
200	3	32	0.004464
200	3	32	0.004414
200	3	32	0.004430
200	4	1	0.004423
200	4	1	0.004452
200	4	1	0.004495
200	4	1	0.004471
200	4	1	0.004451
200	4	2	0.004401
200	4	2	0.004276
200	4	2	0.004404
200	4	2	0.004475
200	4	2	0.004452
200	4	3	0.004480
200	4	3	0.004462
200	4	3	0.004382
200	4	3	0.004441
200	4	3	0.004482
200	4	4	0.004371
200	4	4	0.004488
200	4	4	0.004460
200	4	4	0.004479
200	4	4	0.004456
200	4	6	0.004436
200	4	6	0.004415
200	4	6	0.004496
200	4	6	0.004433
200	4	6	0.004445
200	4	8	0.004413
200	4	8	0.004451
200	4	8	0.004443
200	4	8	0.004483
200	4	8	0.004441
200	4	12	0.004380
200	4	12	0.004447
200	4	12	0.004432
200	4	12	0.004464
200	4	12	0.004426
200	4	16	0.004400
200	4	16	0.004428
200	4	16	0.004485
200	4	16	0.004463
200	4	16	0.004435
200	4	24	0.004382
200	4	24	0.004436
200	4	24	0.004409
200	4	24	0.004431
200	4	24	0.004446
200	4	32	0.004407
200	4	32	0.004460
200	4	32	0.004429
200	4	32	0.004399
200	4	32	0.004477
500	0	1	0.015460
500	0	1	0.015206
500	0	1	0.015260
500	0	1	0.015688
500	0	1	0.015485
500	0	2	0.015923
500	0	2	0.015898
500	0	2	0.015268
500	0	2	0.015770
500	0	2	0.015712
500	0	3	0.015125
500	0	3	0.016025
500	0	3	0.016059
500	0	3	0.015636
500	0	3	0.015901
500	0	4	0.015563
500	0	4	0.015666
500	0	4	0.015166
500	0	4	0.015939
500	0	4	0.015697
500	0	6	0.015726
500	0	6	0.015363
500	0	6	0.016261
500	0	6	0.015381
500	0	6	0.015663
500	0	8	0.015741
500	0	8	0.015705
500	0	8	0.015328
500	0	8	0.015803
500	0	8	0.015771
500	0	12	0.015764
500	0	12	0.015349
500	0	12	0.015131
500	0	12	0.015920
500	0	12	0.016000
500	0	16	0.015870
500	0	16	0.015519
500	0	16	0.015175
500	0	16	0.015421
500	0	16	0.015966
500	0	24	0.015808
500	0	24	0.015692
500	0	24	0.015153
500	0	24	0.014854
500	0	24	0.015541
500	0	32	0.015395
500	0	32	0.015537
500	0	32	0.015694
500	0	32	0.015553
500	0	32	0.014904
500	1	1	0.015024
500	1	1	0.015355
500	1	1	0.015299
500	1	1	0.015434
500	1	1	0.015356
500	1	2	0.015507
500	1	2	0.014731
500	1	2	0.015178
500	1	2	0.015381
500	1	2	0.015419
500	1	3	0.015305
500	1	3	0.015343
500	1	3	0.015447
500	1	3	0.014601
500	1	3	0.015567
500	1	4	0.015309
500	1	4	0.015557
500	1	4	0.015315
500	1	4	0.015116
500	1	4	0.015428
500	1	6	0.015550
500	1	6	0.015548
500	1	6	0.015404
500	1	6	0.015559
500	1	6	0.014904
500	1	8	0.015635
500	1	8	0.015372
500	1	8	0.015401
500	1	8	0.015204
500	1	8	0.015271
500	1	12	0.015392
500	1	12	0.015360
500	1	12	0.015153
500	1	12	0.015431
500	1	12	0.015415
500	1	16	0.015580
500	1	16	0.015575
500	1	16	0.015141
500	1	16	0.015298
500	1	16	0.015320
500	1	24	0.015559
500	1	24	0.015235
500	1	24	0.015386
500	1	24	0.015219
500	1	24	0.015436
500	1	32	0.015093
500	1	32	0.015233
500	1	32	0.015418
500	1	32	0.015273
500	1	32	0.015041
500	2	1	0.016082
500	2	1	0.015630
500	2	1	0.015763
500	2	1	0.015644
500	2	1	0.015305
500	2	2	0.016053
500	2	2	0.015997
500	2	2	0.015270
500	2	2	0.015607
500	2	2	0.016665
500	2	3	0.015829
500	2	3	0.015875
500	2	3	0.015970
500	2	3	0.016025
500	2	3	0.015928
500	2	4	0.015319
500	2	4	0.015804
500	2	4	0.016018
500	2	4	0.015292
500	2	4	0.015375
500	2	6	0.015105
500	2	6	0.016003
500	2	6	0.015990
500	2	6	0.015902
500	2	6	0.015957
500	2	8	0.015788
500	2	8	0.015726
500	2	8	0.015625
500	2	8	0.015811
500	2	8	0.015670
500	2	12	0.015186
500	2	12	0.015456
500	2	12	0.016017
500	2	12	0.015232
500	2	12	0.015751
500	2	16	0.016064
500	2	16	0.015587
500	2	16	0.015199
500	2	16	0.015871
500	2	16	0.015985
500	2	24	0.015558
500	2	24	0.015692
500	2	24	0.015788
500	2	24	0.015704
500	2	24	0.015553
500	2	32	0.015646
500	2	32	0.015828
500	2	32	0.015713
500	2	32	0.015458
500	2	32	0.015540
500	3	1	0.015647
500	3	1	0.015474
500	3	1	0.015572
500	3	1	0.015438
500	3	1	0.015761
500	3	2	0.015061
500	3	2	0.015948
500	3	2	0.015504
500	3	2	0.015817
500	3	2	0.016021
500	3	3	0.015646
500	3	3	0.016028
500	3	3	0.015154
500	3	3	0.015877
500	3	3	0.015701
500	3	4	0.015102
500	3	4	0.015687
500	3	4	0.015618
500	3	4	0.015717
500	3	4	0.015226
500	3	6	0.015610
500	3	6	0.015948
500	3	6	0.015702
500	3	6	0.015607
500	3	6	0.015693
500	3	8	0.015646
500	3	8	0.015742
500	3	8	0.015770
500	3	8	0.015003
500	3	8	0.015882
500	3	12	0.015741
500	3	12	0.015353
500	3	12	0.015882
500	3	12	0.015716
500	3	12	0.016011
500	3	16	0.014953
500	3	16	0.014887
500	3	16	0.015352
500	3	16	0.015572
500	3	16	0.015514
500	3	24	0.015765
500	3	24	0.015807
500	3	24	0.015064
500	3	24	0.015632
500	3	24	0.015766
500	3	32	0.014884
500	3	32	0.015367
500	3	32	0.015618
500	3	32	0.015611
500	3	32	0.014908
500	4	1	0.015940
500	4	1	0.015849
500	4	1	0.015630
500	4	1	0.015306
500	4	1	0.015765
500	4	2	0.015784
500	4	2	0.015221
500	4	2	0.016031
500	4	2	0.015722
500	4	2	0.015828
500	4	3	0.015604
500	4	3	0.015409
500	4	3	0.015400
500	4	3	0.015807
500	4	3	0.015753
500	4	4	0.015721
500	4	4	0.015644
500	4	4	0.015792
500	4	4	0.015360
500	4	4	0.015250
500	4	6	0.015746
500	4	6	0.015838
500	4	6	0.015748
500	4	6	0.015678
500	4	6	0.015796
500	4	8	0.015597
500	4	8	0.015150
500	4	8	0.015767
500	4	8	0.014991
500	4	8	0.015659
500	4	12	0.015629
500	4	12	0.015686
500	4	12	0.015698
500	4	12	0.015581
500	4	12	0.015722
500	4	16	0.015624
500	4	16	0.015669
500	4	16	0.015638
500	4	16	0.015570
500	4	16	0.015413
500	4	24	0.015149
500	4	24	0.015765
500	4	24	0.015338
500	4	24	0.015694
500	4	24	0.015351
500	4	32	0.015304
500	4	32	0.015151
500	4	32	0.015507
500	4	32	0.015631
500	4	32	0.015546
1000	0	1	0.062715
1000	0	1	0.062960
1000	0	1	0.062812
1000	0	1	0.063009
1000	0	1	0.062640
1000	0	2	0.071222
1000	0	2	0.072067
1000	0	2	0.071003
1000	0	2	0.071393
1000	0	2	0.071208
1000	0	3	0.068912
1000	0	3	0.069795
1000	0	3	0.068687
1000	0	3	0.069762
1000	0	3	0.068650
1000	0	4	0.066319
1000	0	4	0.067179
1000	0	4	0.067204
1000	0	4	0.067096
1000	0	4	0.067175
1000	0	6	0.063546
1000	0	6	0.063788
1000	0	6	0.064171
1000	0	6	0.064291
1000	0	6	0.064541
1000	0	8	0.062515
1000	0	8	0.062264
1000	0	8	0.062320
1000	0	8	0.063391
1000	0	8	0.062779
1000	0	12	0.061326
1000	0	12	0.061499
1000	0	12	0.061145
1000	0	12	0.060410
1000	0	12	0.060908
1000	0	16	0.060956
1000	0	16	0.060561
1000	0	16	0.060257
1000	0	16	0.060677
1000	0	16	0.061696
1000	0	24	0.062196
1000	0	24	0.061908
1000	0	24	0.061358
1000	0	24	0.062115
1000	0	24	0.061983
1000	0	32	0.064372
1000	0	32	0.063870
1000	0	32	0.064492
1000	0	32	0.064611
1000	0	32	0.064613
1000	1	1	0.061200
1000	1	1	0.061121
1000	1	1	0.061404
1000	1	1	0.062017
1000	1	1	0.061339
1000	1	2	0.070603
1000	1	2	0.071061
1000	1	2	0.070342
1000	1	2	0.070255
1000	1	2	0.069971
1000	1	3	0.067932
1000	1	3	0.067593
1000	1	3	0.068492
1000	1	3	0.068751
1000	1	3	0.068247
1000	1	4	0.066809
1000	1	4	0.066768
1000	1	4	0.066047
1000	1	4	0.066451
1000	1	4	0.066396
1000	1	6	0.063757
1000	1	6	0.063761
1000	1	6	0.064311
1000	1	6	0.063174
1000	1	6	0.063256
1000	1	8	0.062627
1000	1	8	0.062116
1000	1	8	0.062328
1000	1	8	0.062589
1000	1	8	0.062655
1000	1	12	0.060164
1000	1	12	0.059854
1000	1	12	0.060564
1000	1	12	0.060666
1000	1	12	0.061325
1000	1	16	0.060322
1000	1	16	0.060464
1000	1	16	0.059885
1000	1	16	0.060884
1000	1	16	0.060225
1000	1	24	0.061004
1000	1	24	0.061524
1000	1	24	0.061000
1000	1	24	0.061190
1000	1	24	0.061207
1000	1	32	0.064325
1000	1	32	0.064067
1000	1	32	0.064696
1000	1	32	0.064418
1000	1	32	0.064011
1000	2	1	0.063025
1000	2	1	0.063867
1000	2	1	0.063245
1000	2	1	0.063352
1000	2	1	0.063208
1000	2	2	0.071454
1000	2	2	0.071559
1000	2	2	0.071231
1000	2	2	0.071839
1000	2	2	0.071362
1000	2	3	0.068477
1000	2	3	0.069083
1000	2	3	0.069387
1000	2	3	0.068836
1000	2	3	0.069220
1000	2	4	0.066678
1000	2	4	0.067081
1000	2	4	0.066017
1000	2	4	0.067458
1000	2	4	0.066741
1000	2	6	0.064456
1000	2	6	0.063807
1000	2	6	0.064445
1000	2	6	0.064669
1000	2	6	0.064380
1000	2	8	0.061928
1000	2	8	0.062316
1000	2	8	0.062152
1000	2	8	0.062200
1000	2	8	0.062997
1000	2	12	0.061249
1000	2	12	0.060938
1000	2	12	0.060564
1000	2	12	0.061377
1000	2	12	0.060441
1000	2	16	0.060662
1000	2	16	0.060995
1000	2	16	0.059897
1000	2	16	0.059543
1000	2	16	0.060640
1000	2	24	0.062065
1000	2	24	0.061715
1000	2	24	0.061824
1000	2	24	0.060984
1000	2	24	0.062231
1000	2	32	0.064185
1000	2	32	0.065181
1000	2	32	0.063951
1000	2	32	0.064158
1000	2	32	0.064325
1000	3	1	0.063665
1000	3	1	0.064119
1000	3	1	0.062891
1000	3	1	0.062970
1000	3	1	0.062129
1000	3	2	0.071817
1000	3	2	0.071790
1000	3	2	0.070454
1000	3	2	0.070652
1000	3	2	0.071032
1000	3	3	0.068573
1000	3	3	0.069127
1000	3	3	0.068499
1000	3	3	0.069108
1000	3	3	0.068585
1000	3	4	0.066768
1000	3	4	0.067694
1000	3	4	0.066255
1000	3	4	0.066043
1000	3	4	0.066914
1000	3	6	0.065501
1000	3	6	0.063848
1000	3	6	0.063808
1000	3	6	0.064189
1000	3	6	0.064069
1000	3	8	0.062531
1000	3	8	0.062493
1000	3	8	0.062181
1000	3	8	0.062892
1000	3	8	0.062579
1000	3	12	0.061552
1000	3	12	0.061432
1000	3	12	0.061386
1000	3	12	0.061411
1000	3	12	0.060594
1000	3	16	0.061213
1000	3	16	0.060864
1000	3	16	0.061600
1000	3	16	0.061159
1000	3	16	0.060747
1000	3	24	0.061653
1000	3	24	0.061987
1000	3	24	0.061669
1000	3	24	0.062620
1000	3	24	0.060890
1000	3	32	0.064462
1000	3	32	0.064296
1000	3	32	0.064156
1000	3	32	0.064262
1000	3	32	0.064654
1000	4	1	0.062648
1000	4	1	0.063655
1000	4	1	0.062861
1000	4	1	0.063355
1000	4	1	0.063261
1000	4	2	0.071857
1000	4	2	0.071333
1000	4	2	0.071225
1000	4	2	0.071420
1000	4	2	0.071239
1000	4	3	0.067369
1000	4	3	0.068888
1000	4	3	0.068065
1000	4	3	0.068876
1000	4	3	0.069001
1000	4	4	0.066900
1000	4	4	0.065768
1000	4	4	0.067019
1000	4	4	0.066423
1000	4	4	0.066858
1000	4	6	0.063917
1000	4	6	0.064570
1000	4	6	0.065035
1000	4	6	0.064043
1000	4	6	0.064608
1000	4	8	0.063033
1000	4	8	0.063767
1000	4	8	0.063128
1000	4	8	0.062660
1000	4	8	0.062918
1000	4	12	0.060672
1000	4	12	0.060869
1000	4	12	0.061164
1000	4	12	0.061560
1000	4	12	0.061412
1000	4	16	0.060743
1000	4	16	0.060672
1000	4	16	0.060309
1000	4	16	0.060696
1000	4	16	0.059927
1000	4	24	0.061626
1000	4	24	0.060962
1000	4	24	0.062189
1000	4	24	0.062115
1000	4	24	0.062443
1000	4	32	0.064026
1000	4	32	0.064151
1000	4	32	0.064055
1000	4	32	0.063726
1000	4	32	0.064664
2000	0	1	0.329508
2000	0	1	0.327715
2000	0	1	0.325333
2000	0	1	0.329146
2000	0	1	0.328568
2000	0	2	0.302085
2000	0	2	0.301180
2000	0	2	0.303788
2000	0	2	0.302855
2000	0	2	0.301768
2000	0	3	0.276984
2000	0	3	0.278647
2000	0	3	0.278332
2000	0	3	0.279664
2000	0	3	0.278627
2000	0	4	0.262530
2000	0	4	0.261540
2000	0	4	0.263054
2000	0	4	0.262054
2000	0	4	0.263752
2000	0	6	0.246590
2000	0	6	0.245649
2000	0	6	0.243435
2000	0	6	0.244505
2000	0	6	0.246225
2000	0	8	0.235211
2000	0	8	0.233950
2000	0	8	0.234079
2000	0	8	0.236353
2000	0	8	0.236342
2000	0	12	0.224657
2000	0	12	0.225431
2000	0	12	0.224100
2000	0	12	0.222372
2000	0	12	0.223436
2000	0	16	0.218688
2000	0	16	0.220583
2000	0	16	0.220344
2000	0	16	0.219765
2000	0	16	0.219714
2000	0	24	0.219380
2000	0	24	0.218861
2000	0	24	0.220699
2000	0	24	0.219812
2000	0	24	0.217318
2000	0	32	0.222075
2000	0	32	0.222425
2000	0	32	0.223319
2000	0	32	0.223332
2000	0	32	0.223161
2000	1	1	0.319156
2000	1	1	0.319964
2000	1	1	0.320574
2000	1	1	0.319939
2000	1	1	0.321805
2000	1	2	0.299798
2000	1	2	0.298835
2000	1	2	0.298009
2000	1	2	0.297664
2000	1	2	0.297103
2000	1	3	0.273572
2000	1	3	0.272658
2000	1	3	0.273736
2000	1	3	0.274057
2000	1	3	0.273674
2000	1	4	0.260434
2000	1	4	0.260344
2000	1	4	0.260627
2000	1	4	0.260529
2000	1	4	0.259939
2000	1	6	0.241288
2000	1	6	0.240931
2000	1	6	0.241850
2000	1	6	0.244087
2000	1	6	0.244249
2000	1	8	0.231682
2000	1	8	0.231432
2000	1	8	0.232993
2000	1	8	0.230651
2000	1	8	0.232442
2000	1	12	0.222503
2000	1	12	0.221187
2000	1	12	0.222452
2000	1	12	0.220804
2000	1	12	0.221367
2000	1	16	0.217642
2000	1	16	0.217668
2000	1	16	0.215168
2000	1	16	0.218899
2000	1	16	0.217056
2000	1	24	0.217530
2000	1	24	0.218125
2000	1	24	0.218782
2000	1	24	0.216951
2000	1	24	0.219999
2000	1	32	0.222087
2000	1	32	0.224168
2000	1	32	0.223432
2000	1	32	0.222402
2000	1	32	0.224082
2000	2	1	0.332308
2000	2	1	0.328332
2000	2	1	0.330779
2000	2	1	0.330083
2000	2	1	0.328346
2000	2	2	0.301685
2000	2	2	0.302679
2000	2	2	0.301757
2000	2	2	0.303300
2000	2	2	0.303443
2000	2	3	0.278181
2000	2	3	0.277812
2000	2	3	0.278148
2000	2	3	0.276197
2000	2	3	0.276868
2000	2	4	0.263968
2000	2	4	0.263896
2000	2	4	0.264022
2000	2	4	0.263506
2000	2	4	0.261640
2000	2	6	0.246054
2000	2	6	0.244174
2000	2	6	0.244090
2000	2	6	0.245238
2000	2	6	0.246894
2000	2	8	0.233707
2000	2	8	0.233497
2000	2	8	0.233612
2000	2	8	0.234718
2000	2	8	0.234646
2000	2	12	0.221725
2000	2	12	0.223193
2000	2	12	0.221564
2000	2	12	0.224439
2000	2	12	0.222379
2000	2	16	0.219273
2000	2	16	0.216721
2000	2	16	0.219622
2000	2	16	0.218771
2000	2	16	0.216430
2000	2	24	0.216886
2000	2	24	0.217724
2000	2	24	0.216252
2000	2	24	0.218579
2000	2	24	0.218936
2000	2	32	0.224479
2000	2	32	0.222558
2000	2	32	0.221438
2000	2	32	0.221541
2000	2	32	0.222842
2000	3	1	0.333938
2000	3	1	0.328332
2000	3	1	0.328276
2000	3	1	0.328640
2000	3	1	0.328142
2000	3	2	0.301501
2000	3	2	0.301403
2000	3	2	0.304659
2000	3	2	0.301548
2000	3	2	0.301688
2000	3	3	0.278592
2000	3	3	0.276807
2000	3	3	0.278995
2000	3	3	0.278773
2000	3	3	0.277794
2000	3	4	0.263844
2000	3	4	0.263262
2000	3	4	0.262917
2000	3	4	0.263149
2000	3	4	0.260266
2000	3	6	0.245453
2000	3	6	0.245239
2000	3	6	0.244595
2000	3	6	0.244259
2000	3	6	0.245871
2000	3	8	0.235957
2000	3	8	0.235878
2000	3	8	0.234048
2000	3	8	0.233893
2000	3	8	0.236650
2000	3	12	0.222922
2000	3	12	0.224511
2000	3	12	0.223772
2000	3	12	0.221438
2000	3	12	0.222612
2000	3	16	0.219587
2000	3	16	0.219271
2000	3	16	0.217693
2000	3	16	0.220283
2000	3	16	0.217193
2000	3	24	0.219409
2000	3	24	0.218760
2000	3	24	0.218122
2000	3	24	0.220125
2000	3	24	0.218960
2000	3	32	0.224148
2000	3	32	0.222098
2000	3	32	0.223195
2000	3	32	0.222318
2000	3	32	0.223742
2000	4	1	0.323685
2000	4	1	0.325693
2000	4	1	0.327122
2000	4	1	0.326419
2000	4	1	0.325116
2000	4	2	0.302047
2000	4	2	0.301193
2000	4	2	0.300101
2000	4	2	0.300949
2000	4	2	0.297468
2000	4	3	0.276620
2000	4	3	0.278786
2000	4	3	0.282646
2000	4	3	0.275439
2000	4	3	0.275850
2000	4	4	0.259145
2000	4	4	0.260948
2000	4	4	0.261084
2000	4	4	0.261793
2000	4	4	0.262789
2000	4	6	0.242774
2000	4	6	0.242588
2000	4	6	0.244379
2000	4	6	0.244052
2000	4	6	0.243976
2000	4	8	0.233518
2000	4	8	0.233501
2000	4	8	0.232955
2000	4	8	0.233467
2000	4	8	0.231765
2000	4	12	0.222689
2000	4	12	0.221699
2000	4	12	0.221785
2000	4	12	0.219961
2000	4	12	0.221569
2000	4	16	0.216506
2000	4	16	0.218393
2000	4	16	0.219074
2000	4	16	0.218943
2000	4	16	0.216887
2000	4	24	0.218428
2000	4	24	0.217751
2000	4	24	0.219184
2000	4	24	0.216447
2000	4	24	0.216525
2000	4	32	0.222879
2000	4	32	0.221937
2000	4	32	0.222878
2000	4	32	0.222318
2000	4	32	0.221381
5000	0	1	2.925230
5000	0	1	2.922406
5000	0	1	2.925290
5000	0	1	2.915033
5000	0	1	2.918440
5000	0	2	2.198810
5000	0	2	2.178483
5000	0	2	2.143030
5000	0	2	2.184198
5000	0	2	2.140298
5000	0	3	1.874980
5000	0	3	1.877438
5000	0	3	1.874394
5000	0	3	1.884907
5000	0	3	1.869816
5000	0	4	1.705026
5000	0	4	1.698796
5000	0	4	1.700478
5000	0	4	1.699130
5000	0	4	1.702967
5000	0	6	1.526028
5000	0	6	1.530016
5000	0	6	1.521545
5000	0	6	1.528181
5000	0	6	1.534024
5000	0	8	1.436978
5000	0	8	1.435352
5000	0	8	1.433199
5000	0	8	1.438965
5000	0	8	1.440507
5000	0	12	1.348284
5000	0	12	1.363785
5000	0	12	1.360118
5000	0	12	1.359883
5000	0	12	1.359963
5000	0	16	1.321238
5000	0	16	1.328211
5000	0	16	1.331721
5000	0	16	1.330186
5000	0	16	1.333417
5000	0	24	1.299254
5000	0	24	1.306845
5000	0	24	1.310712
5000	0	24	1.307652
5000	0	24	1.308676
5000	0	32	1.308346
5000	0	32	1.297777
5000	0	32	1.302191
5000	0	32	1.303283
5000	0	32	1.305685
5000	1	1	2.840266
5000	1	1	2.838297
5000	1	1	2.844193
5000	1	1	2.849646
5000	1	1	2.839063
5000	1	2	2.164745
5000	1	2	2.150994
5000	1	2	2.159522
5000	1	2	2.146443
5000	1	2	2.148369
5000	1	3	1.843677
5000	1	3	1.837375
5000	1	3	1.835553
5000	1	3	1.845679
5000	1	3	1.854965
5000	1	4	1.671629
5000	1	4	1.672679
5000	1	4	1.667852
5000	1	4	1.663276
5000	1	4	1.672115
5000	1	6	1.502292
5000	1	6	1.506903
5000	1	6	1.500641
5000	1	6	1.517140
5000	1	6	1.505709
5000	1	8	1.419127
5000	1	8	1.423207
5000	1	8	1.420496
5000	1	8	1.422685
5000	1	8	1.410905
5000	1	12	1.335586
5000	1	12	1.342606
5000	1	12	1.341576
5000	1	12	1.329454
5000	1	12	1.338828
5000	1	16	1.313383
5000	1	16	1.309123
5000	1	16	1.323060
5000	1	16	1.313325
5000	1	16	1.315753
5000	1	24	1.301653
5000	1	24	1.295058
5000	1	24	1.289414
5000	1	24	1.298746
5000	1	24	1.291253
5000	1	32	1.300647
5000	1	32	1.297011
5000	1	32	1.302315
5000	1	32	1.287967
5000	1	32	1.292420
5000	2	1	2.899007
5000	2	1	2.896535
5000	2	1	2.896845
5000	2	1	2.891748
5000	2	1	2.897990
5000	2	2	2.190037
5000	2	2	2.187100
5000	2	2	2.177150
5000	2	2	2.133904
5000	2	2	2.128414
5000	2	3	1.844150
5000	2	3	1.845748
5000	2	3	1.864798
5000	2	3	1.869360
5000	2	3	1.868036
5000	2	4	1.701302
5000	2	4	1.696186
5000	2	4	1.696638
5000	2	4	1.673857
5000	2	4	1.670043
5000	2	6	1.511577
5000	2	6	1.515753
5000	2	6	1.513314
5000	2	6	1.516012
5000	2	6	1.515717
5000	2	8	1.428018
5000	2	8	1.431453
5000	2	8	1.431093
5000	2	8	1.426641
5000	2	8	1.423582
5000	2	12	1.355704
5000	2	12	1.353143
5000	2	12	1.355154
5000	2	12	1.341695
5000	2	12	1.352142
5000	2	16	1.308490
5000	2	16	1.315221
5000	2	16	1.324523
5000	2	16	1.323208
5000	2	16	1.318116
5000	2	24	1.303754
5000	2	24	1.299813
5000	2	24	1.302291
5000	2	24	1.305302
5000	2	24	1.295585
5000	2	32	1.296879
5000	2	32	1.302361
5000	2	32	1.299288
5000	2	32	1.294842
5000	2	32	1.301446
5000	3	1	2.976630
5000	3	1	2.975180
5000	3	1	2.973757
5000	3	1	2.965592
5000	3	1	2.975179
5000	3	2	2.228329
5000	3	2	2.223881
5000	3	2	2.228804
5000	3	2	2.215232
5000	3	2	2.227966
5000	3	3	1.893546
5000	3	3	1.904163
5000	3	3	1.899815
5000	3	3	1.904046
5000	3	3	1.895641
5000	3	4	1.720880
5000	3	4	1.712760
5000	3	4	1.727983
5000	3	4	1.724746
5000	3	4	1.721497
5000	3	6	1.549486
5000	3	6	1.527969
5000	3	6	1.519193
5000	3	6	1.517499
5000	3	6	1.521531
5000	3	8	1.435904
5000	3	8	1.437705
5000	3	8	1.447704
5000	3	8	1.446382
5000	3	8	1.442339
5000	3	12	1.361860
5000	3	12	1.356809
5000	3	12	1.356946
5000	3	12	1.365954
5000	3	12	1.364183
5000	3	16	1.346883
5000	3	16	1.328076
5000	3	16	1.337179
5000	3	16	1.330197
5000	3	16	1.324985
5000	3	24	1.314065
5000	3	24	1.310880
5000	3	24	1.305861
5000	3	24	1.314667
5000	3	24	1.308883
5000	3	32	1.302917
5000	3	32	1.311820
5000	3	32	1.302978
5000	3	32	1.311295
5000	3	32	1.306667
5000	4	1	2.913364
5000	4	1	2.916969
5000	4	1	2.921247
5000	4	1	2.915500
5000	4	1	2.920041
5000	4	2	2.204324
5000	4	2	2.197533
5000	4	2	2.204904
5000	4	2	2.185360
5000	4	2	2.209924
5000	4	3	1.886563
5000	4	3	1.877204
5000	4	3	1.874797
5000	4	3	1.875772
5000	4	3	1.875198
5000	4	4	1.693686
5000	4	4	1.700889
5000	4	4	1.705362
5000	4	4	1.736510
5000	4	4	1.699243
5000	4	6	1.527712
5000	4	6	1.525553
5000	4	6	1.525589
5000	4	6	1.532599
5000	4	6	1.518227
5000	4	8	1.443175
5000	4	8	1.430820
5000	4	8	1.446626
5000	4	8	1.436834
5000	4	8	1.435470
5000	4	12	1.355031
5000	4	12	1.355480
5000	4	12	1.342316
5000	4	12	1.347025
5000	4	12	1.336528
5000	4	16	1.326078
5000	4	16	1.319854
5000	4	16	1.328165
5000	4	16	1.324493
5000	4	16	1.314212
5000	4	24	1.302994
5000	4	24	1.312912
5000	4	24	1.301158
5000	4	24	1.309059
5000	4	24	1.295877
5000	4	32	1.291161
5000	4	32	1.292058
5000	4	32	1.303869
5000	4	32	1.298162
5000	4	32	1.302733
10000	0	1	14.400188
10000	0	1	14.434688
10000	0	1	14.413739
10000	0	1	14.417173
10000	0	1	14.417731
10000	0	2	9.240459
10000	0	2	9.307042
10000	0	2	9.250456
10000	0	2	9.253989
10000	0	2	9.288304
10000	0	3	7.288544
10000	0	3	7.331859
10000	0	3	7.319024
10000	0	3	7.312948
10000	0	3	7.346521
10000	0	4	6.273055
10000	0	4	6.281252
10000	0	4	6.258792
10000	0	4	6.267426
10000	0	4	6.257655
10000	0	6	5.232125
10000	0	6	5.259576
10000	0	6	5.230902
10000	0	6	5.272517
10000	0	6	5.250552
10000	0	8	4.788287
10000	0	8	4.778865
10000	0	8	4.761860
10000	0	8	4.788649
10000	0	8	4.752389
10000	0	12	4.312434
10000	0	12	4.334218
10000	0	12	4.301944
10000	0	12	4.313262
10000	0	12	4.328477
10000	0	16	4.206913
10000	0	16	4.185918
10000	0	16	4.211595
10000	0	16	4.196895
10000	0	16	4.185032
10000	0	24	4.114371
10000	0	24	4.138341
10000	0	24	4.150826
10000	0	24	4.109901
10000	0	24	4.144779
10000	0	32	4.155913
10000	0	32	4.165189
10000	0	32	4.196169
10000	0	32	4.202920
10000	0	32	4.192854
10000	1	1	14.436850
10000	1	1	14.462173
10000	1	1	14.472940
10000	1	1	14.479462
10000	1	1	14.440431
10000	1	2	9.303679
10000	1	2	9.205628
10000	1	2	9.311611
10000	1	2	9.216993
10000	1	2	9.282071
10000	1	3	7.315083
10000	1	3	7.297048
10000	1	3	7.365258
10000	1	3	7.285217
10000	1	3	7.291075
10000	1	4	6.288191
10000	1	4	6.293370
10000	1	4	6.262254
10000	1	4	6.239034
10000	1	4	6.281663
10000	1	6	5.289646
10000	1	6	5.296502
10000	1	6	5.308600
10000	1	6	5.255430
10000	1	6	5.280594
10000	1	8	4.795184
10000	1	8	4.809574
10000	1	8	4.805447
10000	1	8	4.818128
10000	1	8	4.801013
10000	1	12	4.342770
10000	1	12	4.321054
10000	1	12	4.309657
10000	1	12	4.318651
10000	1	12	4.352770
10000	1	16	4.194174
10000	1	16	4.183665
10000	1	16	4.156093
10000	1	16	4.179620
10000	1	16	4.220413
10000	1	24	4.149441
10000	1	24	4.128497
10000	1	24	4.151323
10000	1	24	4.162111
10000	1	24	4.141280
10000	1	32	4.147750
10000	1	32	4.237282
10000	1	32	4.156604
10000	1	32	4.211261
10000	1	32	4.225546
10000	2	1	14.888559
10000	2	1	14.847364
10000	2	1	14.886547
10000	2	1	14.883308
10000	2	1	14.858557
10000	2	2	9.524998
10000	2	2	9.545439
10000	2	2	9.547303
10000	2	2	9.445524
10000	2	2	9.474926
10000	2	3	7.513678
10000	2	3	7.496789
10000	2	3	7.453434
10000	2	3	7.515183
10000	2	3	7.487381
10000	2	4	6.454596
10000	2	4	6.411346
10000	2	4	6.416360
10000	2	4	6.408013
10000	2	4	6.401426
10000	2	6	5.373274
10000	2	6	5.350708
10000	2	6	5.398624
10000	2	6	5.374494
10000	2	6	5.395344
10000	2	8	4.856556
10000	2	8	4.840428
10000	2	8	4.864416
10000	2	8	4.857157
10000	2	8	4.877786
10000	2	12	4.359043
10000	2	12	4.376317
10000	2	12	4.383215
10000	2	12	4.408220
10000	2	12	4.409584
10000	2	16	4.254497
10000	2	16	4.261380
10000	2	16	4.244742
10000	2	16	4.233592
10000	2	16	4.237431
10000	2	24	4.191033
10000	2	24	4.209794
10000	2	24	4.209689
10000	2	24	4.195627
10000	2	24	4.194803
10000	2	32	4.255680
10000	2	32	4.285978
10000	2	32	4.226221
10000	2	32	4.252352
10000	2	32	4.252969
10000	3	1	14.941844
10000	3	1	14.929974
10000	3	1	14.890529
10000	3	1	14.918093
10000	3	1	14.886827
10000	3	2	9.525234
10000	3	2	9.537214
10000	3	2	9.492020
10000	3	2	9.497034
10000	3	2	9.489136
10000	3	3	7.478615
10000	3	3	7.484306
10000	3	3	7.456672
10000	3	3	7.506727
10000	3	3	7.458269
10000	3	4	6.383650
10000	3	4	6.405200
10000	3	4	6.399247
10000	3	4	6.394523
10000	3	4	6.398406
10000	3	6	5.408207
10000	3	6	5.373752
10000	3	6	5.386301
10000	3	6	5.354499
10000	3	6	5.355700
10000	3	8	4.836183
10000	3	8	4.837804
10000	3	8	4.832520
10000	3	8	4.833582
10000	3	8	4.833685
10000	3	12	4.370122
10000	3	12	4.371255
10000	3	12	4.359943
10000	3	12	4.391307
10000	3	12	4.386061
10000	3	16	4.221824
10000	3	16	4.245143
10000	3	16	4.205175
10000	3	16	4.225494
10000	3	16	4.201010
10000	3	24	4.160045
10000	3	24	4.201434
10000	3	24	4.200712
10000	3	24	4.205384
10000	3	24	4.183418
10000	3	32	4.209478
10000	3	32	4.236941
10000	3	32	4.206681
10000	3	32	4.245774
10000	3	32	4.196431
10000	4	1	14.822257
10000	4	1	14.769427
10000	4	1	14.797652
10000	4	1	14.805184
10000	4	1	14.798690
10000	4	2	9.504952
10000	4	2	9.445463
10000	4	2	9.485485
10000	4	2	9.427699
10000	4	2	9.478805
10000	4	3	7.467670
10000	4	3	7.443245
10000	4	3	7.457168
10000	4	3	7.480754
10000	4	3	7.451476
10000	4	4	6.418813
10000	4	4	6.396965
10000	4	4	6.356654
10000	4	4	6.390405
10000	4	4	6.341122
10000	4	6	5.340220
10000	4	6	5.342482
10000	4	6	5.355661
10000	4	6	5.372983
10000	4	6	5.320773
10000	4	8	4.821944
10000	4	8	4.829110
10000	4	8	4.834302
10000	4	8	4.832633
10000	4	8	4.853578
10000	4	12	4.368953
10000	4	12	4.355919
10000	4	12	4.362643
10000	4	12	4.386760
10000	4	12	4.366093
10000	4	16	4.226027
10000	4	16	4.226527
10000	4	16	4.251241
10000	4	16	4.228371
10000	4	16	4.239463
10000	4	24	4.162274
10000	4	24	4.188988
10000	4	24	4.174522
10000	4	24	4.190525
10000	4	24	4.204415
10000	4	32	4.237435
10000	4	32	4.199060
10000	4	32	4.238444
10000	4	32	4.279107
10000	4	32	4.190826
20000	0	1	77.608512
20000	0	1	77.268229
20000	0	1	77.441947
20000	0	1	77.414884
20000	0	1	77.069046
20000	0	2	45.544450
20000	0	2	45.373083
20000	0	2	45.520842
20000	0	2	45.330147
20000	0	2	45.732881
20000	0	3	33.873483
20000	0	3	34.049912
20000	0	3	33.906926
20000	0	3	34.124033
20000	0	3	33.826458
20000	0	4	28.566184
20000	0	4	28.233917
20000	0	4	28.174092
20000	0	4	28.134796
20000	0	4	28.340157
20000	0	6	22.666670
20000	0	6	22.548383
20000	0	6	22.617348
20000	0	6	22.616679
20000	0	6	22.631007
20000	0	8	19.999178
20000	0	8	19.939017
20000	0	8	19.891233
20000	0	8	20.037146
20000	0	8	19.799440
20000	0	12	17.451359
20000	0	12	17.517264
20000	0	12	17.442376
20000	0	12	17.489836
20000	0	12	17.483799
20000	0	16	16.698077
20000	0	16	16.781124
20000	0	16	16.653308
20000	0	16	16.697383
20000	0	16	16.624333
20000	0	24	16.321090
20000	0	24	16.272328
20000	0	24	16.351483
20000	0	24	16.326562
20000	0	24	16.271326
20000	0	32	16.579662
20000	0	32	16.549679
20000	0	32	16.613414
20000	0	32	16.600537
20000	0	32	16.685162
20000	1	1	74.759310
20000	1	1	75.171036
20000	1	1	75.042557
20000	1	1	75.082091
20000	1	1	75.018047
20000	1	2	44.073689
20000	1	2	44.080194
20000	1	2	43.809311
20000	1	2	43.895263
20000	1	2	44.009533
20000	1	3	33.211883
20000	1	3	33.366294
20000	1	3	33.155782
20000	1	3	33.222104
20000	1	3	33.028720
20000	1	4	27.643201
20000	1	4	27.567139
20000	1	4	27.586706
20000	1	4	27.687382
20000	1	4	27.484566
20000	1	6	22.132982
20000	1	6	22.202076
20000	1	6	22.013213
20000	1	6	22.004088
20000	1	6	21.986825
20000	1	8	19.561660
20000	1	8	19.600161
20000	1	8	19.418202
20000	1	8	19.423265
20000	1	8	19.407914
20000	1	12	17.231600
20000	1	12	17.249400
20000	1	12	17.124147
20000	1	12	17.225685
20000	1	12	17.025925
20000	1	16	16.523444
20000	1	16	16.499171
20000	1	16	16.299465
20000	1	16	16.376824
20000	1	16	16.472784
20000	1	24	16.074449
20000	1	24	16.079816
20000	1	24	16.138179
20000	1	24	16.148630
20000	1	24	16.049303
20000	1	32	16.250452
20000	1	32	16.398676
20000	1	32	16.392144
20000	1	32	16.319500
20000	1	32	16.154621
20000	2	1	79.019045
20000	2	1	78.840860
20000	2	1	78.940265
20000	2	1	78.684614
20000	2	1	79.164376
20000	2	2	46.037508
20000	2	2	46.220556
20000	2	2	46.250577
20000	2	2	46.493108
20000	2	2	46.343910
20000	2	3	34.537555
20000	2	3	34.477205
20000	2	3	34.530310
20000	2	3	34.690197
20000	2	3	34.702313
20000	2	4	28.720702
20000	2	4	28.687781
20000	2	4	28.856246
20000	2	4	28.925847
20000	2	4	28.821024
20000	2	6	22.929888
20000	2	6	23.139014
20000	2	6	23.061869
20000	2	6	22.937597
20000	2	6	22.909371
20000	2	8	20.187810
20000	2	8	20.295608
20000	2	8	20.324290
20000	2	8	20.368914
20000	2	8	20.316994
20000	2	12	17.849030
20000	2	12	17.796894
20000	2	12	17.839552
20000	2	12	17.754413
20000	2	12	17.736071
20000	2	16	17.023923
20000	2	16	16.830751
20000	2	16	16.989411
20000	2	16	16.885283
20000	2	16	16.833105
20000	2	24	16.620402
20000	2	24	16.707694
20000	2	24	16.560527
20000	2	24	16.568117
20000	2	24	16.628937
20000	2	32	16.670383
20000	2	32	16.734302
20000	2	32	16.841818
20000	2	32	16.877050
20000	2	32	16.839016
20000	3	1	78.608275
20000	3	1	78.437322
20000	3	1	78.413888
20000	3	1	78.968869
20000	3	1	78.617721
20000	3	2	45.431842
20000	3	2	45.371487
20000	3	2	45.400095
20000	3	2	45.704627
20000	3	2	45.821974
20000	3	3	34.444951
20000	3	3	34.408010
20000	3	3	34.243857
20000	3	3	34.130512
20000	3	3	34.350295
20000	3	4	28.524933
20000	3	4	28.483286
20000	3	4	28.357502
20000	3	4	28.406467
20000	3	4	28.469432
20000	3	6	22.906532
20000	3	6	22.876951
20000	3	6	22.814598
20000	3	6	22.701706
20000	3	6	23.075453
20000	3	8	19.894821
20000	3	8	19.914944
20000	3	8	19.940236
20000	3	8	19.959890
20000	3	8	20.248731
20000	3	12	17.661072
20000	3	12	17.557155
20000	3	12	17.515654
20000	3	12	17.664530
20000	3	12	17.621249
20000	3	16	16.594268
20000	3	16	16.630768
20000	3	16	16.566070
20000	3	16	16.536484
20000	3	16	16.815474
20000	3	24	16.379365
20000	3	24	16.345867
20000	3	24	16.328282
20000	3	24	16.405256
20000	3	24	16.361310
20000	3	32	16.322147
20000	3	32	16.411202
20000	3	32	16.529440
20000	3	32	16.416869
20000	3	32	16.401225
20000	4	1	79.958960
20000	4	1	80.217900
20000	4	1	80.089940
20000	4	1	80.355419
20000	4	1	80.292888
20000	4	2	46.678900
20000	4	2	46.849061
20000	4	2	46.675412
20000	4	2	46.648616
20000	4	2	46.870278
20000	4	3	35.190729
20000	4	3	35.093517
20000	4	3	34.967568
20000	4	3	35.188071
20000	4	3	35.049992
20000	4	4	29.104775
20000	4	4	29.019230
20000	4	4	29.122337
20000	4	4	29.262814
20000	4	4	29.122131
20000	4	6	23.343380
20000	4	6	23.440995
20000	4	6	23.282576
20000	4	6	23.213972
20000	4	6	23.342603
20000	4	8	20.407961
20000	4	8	20.662896
20000	4	8	20.440454
20000	4	8	20.369416
20000	4	8	20.584834
20000	4	12	18.041925
20000	4	12	18.010609
20000	4	12	17.839164
20000	4	12	17.892899
20000	4	12	17.940436
20000	4	16	17.086286
20000	4	16	17.201026
20000	4	16	16.950195
20000	4	16	17.067323
20000	4	16	17.062533
20000	4	24	16.610367
20000	4	24	16.581421
20000	4	24	16.774166
20000	4	24	16.555421
20000	4	24	16.672765
20000	4	32	16.624605
20000	4	32	16.832554
20000	4	32	16.743903
20000	4	32	16.778666
20000	4	32	16.690618
50000	0	1	703.090166
50000	0	1	702.809717
50000	0	1	702.625089
50000	0	1	704.480424
50000	0	1	699.787045
50000	0	2	389.865294
50000	0	2	391.218505
50000	0	2	391.530189
50000	0	2	391.198021
50000	0	2	391.185595
50000	0	3	286.835417
50000	0	3	288.297167
50000	0	3	287.008637
50000	0	3	288.117389
50000	0	3	289.219571
50000	0	4	237.486658
50000	0	4	237.118728
50000	0	4	235.955805
50000	0	4	237.555522
50000	0	4	236.276291
50000	0	6	186.658375
50000	0	6	186.309882
50000	0	6	185.811991
50000	0	6	185.990696
50000	0	6	186.656615
50000	0	8	161.482686
50000	0	8	161.344042
50000	0	8	162.573604
50000	0	8	160.453441
50000	0	8	161.351958
50000	0	12	140.958862
50000	0	12	139.642218
50000	0	12	140.582198
50000	0	12	140.385159
50000	0	12	140.530809
50000	0	16	132.695813
50000	0	16	131.547597
50000	0	16	132.397218
50000	0	16	133.477445
50000	0	16	131.575261
50000	0	24	129.022536
50000	0	24	129.001968
50000	0	24	127.614228
50000	0	24	128.881141
50000	0	24	128.333491
50000	0	32	128.050494
50000	0	32	127.955714
50000	0	32	127.882532
50000	0	32	127.822138
50000	0	32	130.052177
50000	1	1	699.712768
50000	1	1	700.269187
50000	1	1	699.440323
50000	1	1	697.549338
50000	1	1	699.103947
50000	1	2	389.604323
50000	1	2	389.833316
50000	1	2	390.007960
50000	1	2	388.659154
50000	1	2	387.925696
50000	1	3	287.044609
50000	1	3	286.897667
50000	1	3	285.666396
50000	1	3	286.918498
50000	1	3	285.972021
50000	1	4	235.097827
50000	1	4	235.235048
50000	1	4	236.237974
50000	1	4	234.728003
50000	1	4	233.831942
50000	1	6	185.016358
50000	1	6	185.968249
50000	1	6	186.284485
50000	1	6	184.648057
50000	1	6	184.082190
50000	1	8	162.215732
50000	1	8	160.891399
50000	1	8	161.937441
50000	1	8	162.163462
50000	1	8	160.808422
50000	1	12	140.460543
50000	1	12	138.915925
50000	1	12	140.347381
50000	1	12	139.430367
50000	1	12	138.680701
50000	1	16	132.973742
50000	1	16	130.932071
50000	1	16	133.082455
50000	1	16	131.428354
50000	1	16	133.215719
50000	1	24	127.360663
50000	1	24	127.771740
50000	1	24	128.813255
50000	1	24	127.608839
50000	1	24	128.786964
50000	1	32	127.296399
50000	1	32	127.608691
50000	1	32	129.448361
50000	1	32	129.077149
50000	1	32	128.454268
50000	2	1	714.103385
50000	2	1	714.380888
50000	2	1	711.951262
50000	2	1	715.422829
50000	2	1	714.063723
50000	2	2	398.285971
50000	2	2	397.149326
50000	2	2	398.073893
50000	2	2	397.141581
50000	2	2	395.450885
50000	2	3	292.683231
50000	2	3	290.872348
50000	2	3	292.789897
50000	2	3	292.990704
50000	2	3	290.514152
50000	2	4	239.445770
50000	2	4	239.431850
50000	2	4	238.433872
50000	2	4	240.794327
50000	2	4	238.403260
50000	2	6	189.291458
50000	2	6	188.191103
50000	2	6	189.474877
50000	2	6	187.387980
50000	2	6	189.545477
50000	2	8	164.057432
50000	2	8	163.268701
50000	2	8	165.193342
50000	2	8	165.135231
50000	2	8	165.109705
50000	2	12	143.282746
50000	2	12	143.353693
50000	2	12	141.898513
50000	2	12	143.144998
50000	2	12	141.956676
50000	2	16	135.295639
50000	2	16	134.218991
50000	2	16	135.726719
50000	2	16	136.000980
50000	2	16	134.424942
50000	2	24	130.487139
50000	2	24	131.766951
50000	2	24	130.167637
50000	2	24	130.476443
50000	2	24	131.657173
50000	2	32	132.338052
50000	2	32	129.986548
50000	2	32	132.263611
50000	2	32	130.356093
50000	2	32	130.322024
50000	3	1	709.646371
50000	3	1	710.047544
50000	3	1	707.843550
50000	3	1	710.969523
50000	3	1	709.515082
50000	3	2	393.461699
50000	3	2	389.879835
50000	3	2	391.466711
50000	3	2	392.289759
50000	3	2	392.437423
50000	3	3	287.782900
50000	3	3	288.062357
50000	3	3	287.575766
50000	3	3	290.393747
50000	3	3	289.948985
50000	3	4	237.973335
50000	3	4	238.492236
50000	3	4	238.366582
50000	3	4	236.328065
50000	3	4	238.337147
50000	3	6	185.708909
50000	3	6	188.197216
50000	3	6	186.756598
50000	3	6	188.127955
50000	3	6	186.047354
50000	3	8	161.764415
50000	3	8	161.575643
50000	3	8	163.537196
50000	3	8	162.275938
50000	3	8	163.687898
50000	3	12	141.709615
50000	3	12	141.823439
50000	3	12	141.883927
50000	3	12	140.122418
50000	3	12	141.979477
50000	3	16	134.271034
50000	3	16	134.034669
50000	3	16	132.352494
50000	3	16	132.905244
50000	3	16	133.816389
50000	3	24	130.098863
50000	3	24	128.441058
50000	3	24	128.604769
50000	3	24	129.716961
50000	3	24	130.256079
50000	3	32	130.015203
50000	3	32	128.246006
50000	3	32	129.577735
50000	3	32	128.600537
50000	3	32	130.721611
50000	4	1	723.359883
50000	4	1	721.792474
50000	4	1	725.201591
50000	4	1	721.079896
50000	4	1	725.084965
50000	4	2	402.119974
50000	4	2	400.436940
50000	4	2	399.920188
50000	4	2	401.365179
50000	4	2	400.611613
50000	4	3	294.537285
50000	4	3	296.601992
50000	4	3	294.146222
50000	4	3	294.507517
50000	4	3	294.837823
50000	4	4	241.704681
50000	4	4	243.297342
50000	4	4	242.814962
50000	4	4	242.677286
50000	4	4	242.641227
50000	4	6	191.114638
50000	4	6	192.390772
50000	4	6	192.537226
50000	4	6	191.169571
50000	4	6	191.181338
50000	4	8	167.555634
50000	4	8	167.505027
50000	4	8	165.850688
50000	4	8	167.764427
50000	4	8	167.624223
50000	4	12	144.191875
50000	4	12	144.147449
50000	4	12	145.322085
50000	4	12	145.762708
50000	4	12	145.691465
50000	4	16	137.936567
50000	4	16	136.608879
50000	4	16	136.074821
50000	4	16	137.762470
50000	4	16	137.897216
50000	4	24	132.123052
50000	4	24	133.905542
50000	4	24	131.858227
50000	4	24	132.091333
50000	4	24	131.808606
50000	4	32	131.677407
50000	4	32	133.047252
50000	4	32	133.587963
50000	4	32	133.612433
50000	4	32	131.880448
100000	0	1	5101.705638
100000	0	1	3491.045197
100000	0	1	3432.449217
100000	0	1	3427.581796
100000	0	1	3432.339628
100000	0	2	1879.893170
100000	0	2	1877.893331
100000	0	2	1874.220213
100000	0	2	1877.606657
100000	0	2	1885.542818
100000	0	3	1375.923511
100000	0	3	1381.561558
100000	0	3	1372.883314
100000	0	3	1373.727480
100000	0	3	1381.078830
100000	0	4	1130.541753
100000	0	4	1131.724031
100000	0	4	1125.982949
100000	0	4	1125.411329
100000	0	4	1133.249853
100000	0	6	887.987709
100000	0	6	887.508596
100000	0	6	888.394279
100000	0	6	887.639049
100000	0	6	887.242072
100000	0	8	772.424901
100000	0	8	771.179900
100000	0	8	772.088948
100000	0	8	771.903724
100000	0	8	764.704434
100000	0	12	668.746664
100000	0	12	661.965918
100000	0	12	659.968565
100000	0	12	661.327208
100000	0	12	668.448059
100000	0	16	629.364358
100000	0	16	619.866867
100000	0	16	622.691997
100000	0	16	620.212425
100000	0	16	621.591992
100000	0	24	609.230328
100000	0	24	600.691355
100000	0	24	598.664155
100000	0	24	610.151474
100000	0	24	601.882084
100000	0	32	611.829592
100000	0	32	610.588401
100000	0	32	612.033593
100000	0	32	613.972993
100000	0	32	606.771551
100000	1	1	3599.216980
100000	1	1	3424.248338
100000	1	1	3396.091355
100000	1	1	3377.555324
100000	1	1	3378.265547
100000	1	2	1848.895678
100000	1	2	1847.290166
100000	1	2	1858.458671
100000	1	2	1853.281308
100000	1	2	1851.577982
100000	1	3	1353.852711
100000	1	3	1354.140516
100000	1	3	1364.514364
100000	1	3	1357.431977
100000	1	3	1358.071470
100000	1	4	1118.255876
100000	1	4	1120.364874
100000	1	4	1113.182553
100000	1	4	1118.001272
100000	1	4	1109.262893
100000	1	6	878.831382
100000	1	6	879.528294
100000	1	6	874.421484
100000	1	6	873.653862
100000	1	6	874.368790
100000	1	8	766.077909
100000	1	8	764.116988
100000	1	8	765.469868
100000	1	8	755.760305
100000	1	8	759.796969
100000	1	12	664.034286
100000	1	12	663.960809
100000	1	12	664.322507
100000	1	12	653.911758
100000	1	12	655.341154
100000	1	16	619.514004
100000	1	16	619.223346
100000	1	16	624.667460
100000	1	16	626.038534
100000	1	16	620.166186
100000	1	24	604.274770
100000	1	24	604.424318
100000	1	24	598.687185
100000	1	24	594.553589
100000	1	24	605.857398
100000	1	32	607.985195
100000	1	32	594.162903
100000	1	32	594.522282
100000	1	32	599.296009
100000	1	32	595.310752
100000	2	1	3834.927374
100000	2	1	3483.408823
100000	2	1	3441.953597
100000	2	1	3443.826593
100000	2	1	3442.432199
100000	2	2	1884.473585
100000	2	2	1881.532698
100000	2	2	1868.556111
100000	2	2	1874.818526
100000	2	2	1882.982977
100000	2	3	1376.552630
100000	2	3	1382.660846
100000	2	3	1383.356124
100000	2	3	1375.068326
100000	2	3	1371.398543
100000	2	4	1127.875733
100000	2	4	1127.042536
100000	2	4	1123.786884
100000	2	4	1124.614254
100000	2	4	1128.629208
100000	2	6	886.326901
100000	2	6	892.194779
100000	2	6	890.938945
100000	2	6	883.398773
100000	2	6	885.557430
100000	2	8	770.084242
100000	2	8	774.561193
100000	2	8	769.186141
100000	2	8	776.512539
100000	2	8	774.930007
100000	2	12	664.338135
100000	2	12	663.529460
100000	2	12	666.219495
100000	2	12	663.334441
100000	2	12	672.016904
100000	2	16	635.139855
100000	2	16	625.753528
100000	2	16	635.248404
100000	2	16	634.755755
100000	2	16	635.989123
100000	2	24	615.960869
100000	2	24	613.370633
100000	2	24	615.515700
100000	2	24	604.143708
100000	2	24	612.815072
100000	2	32	603.735119
100000	2	32	610.058557
100000	2	32	613.604587
100000	2	32	619.053158
100000	2	32	605.662575
100000	3	1	3797.935355
100000	3	1	3403.856972
100000	3	1	3380.846079
100000	3	1	3369.111491
100000	3	1	3379.618012
100000	3	2	1841.085917
100000	3	2	1849.465511
100000	3	2	1852.146169
100000	3	2	1843.334416
100000	3	2	1849.529030
100000	3	3	1356.861979
100000	3	3	1346.729919
100000	3	3	1347.194320
100000	3	3	1352.189309
100000	3	3	1359.983261
100000	3	4	1106.801590
100000	3	4	1112.319313
100000	3	4	1108.744999
100000	3	4	1103.983730
100000	3	4	1115.328082
100000	3	6	867.713845
100000	3	6	867.263292
100000	3	6	870.559918
100000	3	6	876.639312
100000	3	6	877.302832
100000	3	8	764.197282
100000	3	8	754.095696
100000	3	8	763.257830
100000	3	8	764.413330
100000	3	8	755.409905
100000	3	12	655.837800
100000	3	12	662.070047
100000	3	12	661.870464
100000	3	12	662.979735
100000	3	12	656.248464
100000	3	16	614.308367
100000	3	16	623.068951
100000	3	16	623.195724
100000	3	16	616.760777
100000	3	16	615.768904
100000	3	24	596.015926
100000	3	24	605.061453
100000	3	24	596.987478
100000	3	24	606.976496
100000	3	24	600.865691
100000	3	32	604.306305
100000	3	32	598.502089
100000	3	32	605.702620
100000	3	32	595.405955
100000	3	32	604.347438
100000	4	1	3741.271260
100000	4	1	3560.572963
100000	4	1	3553.593880
100000	4	1	3550.311673
100000	4	1	3543.346068
100000	4	2	1977.968930
100000	4	2	1971.977254
100000	4	2	1969.170968
100000	4	2	1965.617061
100000	4	2	1973.261986
100000	4	3	1451.691566
100000	4	3	1454.430319
100000	4	3	1463.050288
100000	4	3	1451.040702
100000	4	3	1458.966290
100000	4	4	1206.655915
100000	4	4	1192.391350
100000	4	4	1195.279471
100000	4	4	1198.678905
100000	4	4	1197.777991
100000	4	6	962.153029
100000	4	6	954.571112
100000	4	6	953.922744
100000	4	6	957.935267
100000	4	6	958.157146
100000	4	8	844.955735
100000	4	8	852.328044
100000	4	8	854.823186
100000	4	8	857.839382
100000	4	8	858.670892
100000	4	12	766.904990
100000	4	12	766.017673
100000	4	12	764.912665
100000	4	12	765.921300
100000	4	12	757.914956
100000	4	16	738.520649
100000	4	16	738.025533
100000	4	16	730.238130
100000	4	16	736.807985
100000	4	16	741.417483
100000	4	24	753.609161
100000	4	24	764.607122
100000	4	24	749.717710
100000	4	24	753.752128
100000	4	24	760.187746
100000	4	32	790.293571
100000	4	32	797.032861
100000	4	32	798.703269
100000	4	32	800.883728
100000	4	32	807.056658
200000	0	1	18368.799133
200000	0	1	18353.866002
200000	0	1	18336.022727
200000	0	8	3615.015478
200000	0	8	3592.045470
200000	0	8	3606.306839
200000	0	32	2594.733390
200000	0	32	2636.428373
200000	0	32	2579.827316
