10	0	1	0	1.33	201892
10	0	1	1	1.32	201896
10	0	1	2	1.34	202440
10	0	1	3	1.33	201416
10	0	1	4	1.35	203536
10	0	2	0	1.34	202524
10	0	2	1	1.34	202828
10	0	2	2	1.35	204240
10	0	2	3	1.13	204880
10	0	2	4	1.34	203144
10	0	3	0	1.34	202524
10	0	3	1	1.34	204348
10	0	3	2	1.34	204232
10	0	3	3	1.34	204816
10	0	3	4	1.34	201908
10	0	4	0	1.34	203476
10	0	4	1	1.13	204812
10	0	4	2	1.34	202936
10	0	4	3	1.34	202928
10	0	4	4	1.33	203308
10	0	6	0	1.12	204056
10	0	6	1	1.33	202292
10	0	6	2	1.33	202928
10	0	6	3	1.34	204528
10	0	6	4	1.33	203312
10	0	8	0	1.32	203784
10	0	8	1	1.33	204796
10	0	8	2	1.33	203700
10	0	8	3	1.34	203000
10	0	8	4	1.33	203544
10	0	12	0	1.33	204232
10	0	12	1	1.33	202696
10	0	12	2	1.34	202848
10	0	12	3	1.33	203960
10	0	12	4	1.34	203540
10	0	16	0	1.33	203700
10	0	16	1	1.33	203556
10	0	16	2	1.33	204228
10	0	16	3	1.33	201952
10	0	16	4	1.34	202388
10	0	24	0	1.33	204060
10	0	24	1	1.32	202696
10	0	24	2	1.32	203228
10	0	24	3	1.32	203316
10	0	24	4	1.33	203956
10	0	32	0	1.34	202432
10	0	32	1	1.33	203968
10	0	32	2	1.33	201996
10	0	32	3	1.33	203368
10	0	32	4	1.31	204824
10	1	1	0	1.34	203760
10	1	1	1	1.33	203940
10	1	1	2	1.33	202872
10	1	1	3	1.32	203468
10	1	1	4	1.32	204224
10	1	2	0	1.35	202680
10	1	2	1	1.33	204788
10	1	2	2	1.34	202296
10	1	2	3	1.34	203004
10	1	2	4	1.34	204028
10	1	3	0	1.35	203560
10	1	3	1	1.33	203960
10	1	3	2	1.34	204020
10	1	3	3	1.34	203968
10	1	3	4	1.34	204416
10	1	4	0	1.34	202212
10	1	4	1	1.34	201904
10	1	4	2	1.32	203000
10	1	4	3	1.35	202436
10	1	4	4	1.34	202852
10	1	6	0	1.34	203956
10	1	6	1	1.33	203312
10	1	6	2	1.33	204240
10	1	6	3	1.33	204256
10	1	6	4	1.34	202840
10	1	8	0	1.33	203780
10	1	8	1	1.34	204240
10	1	8	2	1.33	204720
10	1	8	3	1.33	204432
10	1	8	4	1.33	203212
10	1	12	0	1.33	203836
10	1	12	1	1.33	203216
10	1	12	2	1.32	203484
10	1	12	3	1.34	203544
10	1	12	4	1.33	204248
10	1	16	0	1.33	203328
10	1	16	1	1.32	203208
10	1	16	2	1.33	204808
10	1	16	3	1.33	203312
10	1	16	4	1.12	204460
10	1	24	0	1.33	204244
10	1	24	1	1.35	203232
10	1	24	2	1.33	204036
10	1	24	3	1.34	203856
10	1	24	4	1.12	203976
10	1	32	0	1.33	203600
10	1	32	1	1.33	204440
10	1	32	2	1.34	204040
10	1	32	3	1.33	203564
10	1	32	4	1.33	203576
10	2	1	0	1.32	203264
10	2	1	1	1.33	203780
10	2	1	2	1.32	203176
10	2	1	3	1.33	204012
10	2	1	4	1.33	203208
10	2	2	0	1.34	203872
10	2	2	1	1.35	204472
10	2	2	2	1.34	202996
10	2	2	3	1.34	203944
10	2	2	4	1.34	204712
10	2	3	0	1.33	204240
10	2	3	1	1.34	203548
10	2	3	2	1.33	204244
10	2	3	3	1.34	201920
10	2	3	4	1.33	204216
10	2	4	0	1.33	204788
10	2	4	1	1.34	204028
10	2	4	2	1.33	202992
10	2	4	3	1.34	204504
10	2	4	4	1.33	201852
10	2	6	0	1.34	203312
10	2	6	1	1.33	202940
10	2	6	2	1.33	202040
10	2	6	3	1.34	203464
10	2	6	4	1.33	203556
10	2	8	0	1.33	202664
10	2	8	1	1.33	203700
10	2	8	2	1.34	204756
10	2	8	3	1.34	203236
10	2	8	4	1.33	202980
10	2	12	0	1.34	203232
10	2	12	1	1.34	203560
10	2	12	2	1.33	203312
10	2	12	3	1.34	201900
10	2	12	4	1.33	202992
10	2	16	0	1.32	205020
10	2	16	1	1.33	203556
10	2	16	2	1.33	204244
10	2	16	3	1.33	203560
10	2	16	4	1.33	202536
10	2	24	0	1.32	202864
10	2	24	1	1.34	203272
10	2	24	2	1.34	203572
10	2	24	3	1.34	203960
10	2	24	4	1.33	203324
10	2	32	0	1.34	203432
10	2	32	1	1.33	202840
10	2	32	2	1.33	203976
10	2	32	3	1.33	204516
10	2	32	4	1.33	202944
10	3	1	0	1.34	203684
10	3	1	1	1.34	203672
10	3	1	2	1.33	203444
10	3	1	3	1.32	204716
10	3	1	4	1.33	202508
10	3	2	0	1.34	203696
10	3	2	1	1.33	202460
10	3	2	2	1.34	204508
10	3	2	3	1.34	203780
10	3	2	4	1.35	204236
10	3	3	0	1.34	203476
10	3	3	1	1.34	203396
10	3	3	2	1.34	203988
10	3	3	3	1.12	204336
10	3	3	4	1.34	203224
10	3	4	0	1.33	203312
10	3	4	1	1.34	203836
10	3	4	2	1.34	201324
10	3	4	3	1.34	203424
10	3	4	4	1.34	204780
10	3	6	0	1.34	203552
10	3	6	1	1.33	202288
10	3	6	2	1.34	201164
10	3	6	3	1.33	202516
10	3	6	4	1.33	204028
10	3	8	0	1.33	202936
10	3	8	1	1.33	201496
10	3	8	2	1.33	204416
10	3	8	3	1.33	203316
10	3	8	4	1.34	203548
10	3	12	0	1.34	203228
10	3	12	1	1.32	204244
10	3	12	2	1.33	203508
10	3	12	3	1.33	203668
10	3	12	4	1.33	202932
10	3	16	0	1.33	204428
10	3	16	1	1.33	202988
10	3	16	2	1.32	203436
10	3	16	3	1.33	204028
10	3	16	4	1.31	204024
10	3	24	0	1.34	203324
10	3	24	1	1.33	204248
10	3	24	2	1.33	203168
10	3	24	3	1.34	204032
10	3	24	4	1.32	204024
10	3	32	0	1.33	203596
10	3	32	1	1.34	204156
10	3	32	2	1.33	202212
10	3	32	3	1.33	204036
10	3	32	4	1.33	203328
10	4	1	0	1.32	203460
10	4	1	1	1.33	203220
10	4	1	2	1.33	204224
10	4	1	3	1.32	202072
10	4	1	4	1.33	203296
10	4	2	0	1.13	204236
10	4	2	1	1.36	203964
10	4	2	2	1.34	202460
10	4	2	3	1.34	203220
10	4	2	4	1.34	204712
10	4	3	0	1.34	203000
10	4	3	1	1.34	204412
10	4	3	2	1.34	201672
10	4	3	3	1.34	204028
10	4	3	4	1.34	202192
10	4	4	0	1.34	203464
10	4	4	1	1.33	203396
10	4	4	2	1.12	204520
10	4	4	3	1.34	203232
10	4	4	4	1.34	203956
10	4	6	0	1.34	203216
10	4	6	1	1.34	204244
10	4	6	2	1.33	204428
10	4	6	3	1.13	204252
10	4	6	4	1.34	205052
10	4	8	0	1.35	203548
10	4	8	1	1.33	204240
10	4	8	2	1.34	203472
10	4	8	3	1.34	203548
10	4	8	4	1.33	203560
10	4	12	0	1.33	203308
10	4	12	1	1.33	202944
10	4	12	2	1.33	203560
10	4	12	3	1.32	203212
10	4	12	4	1.33	202092
10	4	16	0	1.34	203952
10	4	16	1	1.33	204976
10	4	16	2	1.32	204340
10	4	16	3	1.33	204500
10	4	16	4	1.33	204820
10	4	24	0	1.33	204252
10	4	24	1	1.33	201916
10	4	24	2	1.33	201512
10	4	24	3	1.34	202372
10	4	24	4	1.33	202268
10	4	32	0	1.34	203700
10	4	32	1	1.33	202960
10	4	32	2	1.33	203500
10	4	32	3	1.34	203972
10	4	32	4	1.33	203576
20	0	1	0	1.33	203260
20	0	1	1	1.33	204004
20	0	1	2	1.33	204020
20	0	1	3	1.33	203532
20	0	1	4	1.33	200884
20	0	2	0	1.34	202624
20	0	2	1	1.33	204028
20	0	2	2	1.33	203176
20	0	2	3	1.13	204780
20	0	2	4	1.34	204336
20	0	3	0	1.34	204504
20	0	3	1	1.33	200880
20	0	3	2	1.34	203956
20	0	3	3	1.34	203388
20	0	3	4	1.35	203100
20	0	4	0	1.34	204500
20	0	4	1	1.34	204020
20	0	4	2	1.34	204508
20	0	4	3	1.33	204236
20	0	4	4	1.33	204236
20	0	6	0	1.34	202944
20	0	6	1	1.33	203972
20	0	6	2	1.32	203548
20	0	6	3	1.33	203780
20	0	6	4	1.33	204420
20	0	8	0	1.34	204800
20	0	8	1	1.33	202572
20	0	8	2	1.33	204248
20	0	8	3	1.33	202288
20	0	8	4	1.33	203700
20	0	12	0	1.33	204028
20	0	12	1	1.36	203264
20	0	12	2	1.33	204028
20	0	12	3	1.33	203332
20	0	12	4	1.33	203788
20	0	16	0	1.34	201904
20	0	16	1	1.33	201884
20	0	16	2	1.33	203260
20	0	16	3	1.34	203000
20	0	16	4	1.33	203452
20	0	24	0	1.33	202756
20	0	24	1	1.34	202816
20	0	24	2	1.34	204740
20	0	24	3	1.32	202376
20	0	24	4	1.33	203324
20	0	32	0	1.33	204820
20	0	32	1	1.12	204244
20	0	32	2	1.33	201948
20	0	32	3	1.33	204252
20	0	32	4	1.33	202692
20	1	1	0	1.34	203672
20	1	1	1	1.13	203764
20	1	1	2	1.33	204224
20	1	1	3	1.33	204404
20	1	1	4	1.33	204228
20	1	2	0	1.34	203804
20	1	2	1	1.35	204984
20	1	2	2	1.34	203788
20	1	2	3	1.34	203452
20	1	2	4	1.34	203792
20	1	3	0	1.34	203208
20	1	3	1	1.34	203672
20	1	3	2	1.35	202936
20	1	3	3	1.34	203912
20	1	3	4	1.34	204032
20	1	4	0	1.34	203344
20	1	4	1	1.35	203236
20	1	4	2	1.33	203708
20	1	4	3	1.33	204420
20	1	4	4	1.33	202804
20	1	6	0	1.34	203788
20	1	6	1	1.12	204232
20	1	6	2	1.34	202528
20	1	6	3	1.34	203228
20	1	6	4	1.33	204804
20	1	8	0	1.33	202928
20	1	8	1	1.34	204416
20	1	8	2	1.33	203424
20	1	8	3	1.34	204804
20	1	8	4	1.34	202548
20	1	12	0	1.33	204572
20	1	12	1	1.33	204340
20	1	12	2	1.34	202460
20	1	12	3	1.33	202696
20	1	12	4	1.33	202468
20	1	16	0	1.34	204256
20	1	16	1	1.33	204420
20	1	16	2	1.13	204232
20	1	16	3	1.33	203600
20	1	16	4	1.33	203012
20	1	24	0	1.33	203224
20	1	24	1	1.33	203964
20	1	24	2	1.33	203004
20	1	24	3	1.33	202536
20	1	24	4	1.34	204032
20	1	32	0	1.34	203404
20	1	32	1	1.33	204024
20	1	32	2	1.33	203720
20	1	32	3	1.33	201600
20	1	32	4	1.32	203560
20	2	1	0	1.33	203948
20	2	1	1	1.33	203296
20	2	1	2	1.32	204420
20	2	1	3	1.33	203704
20	2	1	4	1.33	203532
20	2	2	0	1.34	203476
20	2	2	1	1.34	203556
20	2	2	2	1.35	204016
20	2	2	3	1.33	204720
20	2	2	4	1.34	204416
20	2	3	0	1.34	204528
20	2	3	1	1.34	203396
20	2	3	2	1.34	201100
20	2	3	3	1.35	203556
20	2	3	4	1.33	203872
20	2	4	0	1.12	203044
20	2	4	1	1.12	204548
20	2	4	2	1.34	203548
20	2	4	3	1.33	202292
20	2	4	4	1.33	204660
20	2	6	0	1.34	203692
20	2	6	1	1.34	204028
20	2	6	2	1.33	204024
20	2	6	3	1.33	204420
20	2	6	4	1.34	204800
20	2	8	0	1.33	204416
20	2	8	1	1.33	204800
20	2	8	2	1.33	203312
20	2	8	3	1.33	204428
20	2	8	4	1.34	203332
20	2	12	0	1.33	204508
20	2	12	1	1.34	202900
20	2	12	2	1.33	202776
20	2	12	3	1.34	203704
20	2	12	4	1.33	204248
20	2	16	0	1.33	202536
20	2	16	1	1.33	202692
20	2	16	2	1.34	204236
20	2	16	3	1.33	204808
20	2	16	4	1.33	204800
20	2	24	0	1.33	203224
20	2	24	1	1.34	203012
20	2	24	2	1.32	204232
20	2	24	3	1.33	203568
20	2	24	4	1.33	204236
20	2	32	0	1.34	203680
20	2	32	1	1.33	204988
20	2	32	2	1.34	203712
20	2	32	3	1.34	202304
20	2	32	4	1.33	204244
20	3	1	0	1.33	203544
20	3	1	1	1.33	203948
20	3	1	2	1.33	203204
20	3	1	3	1.33	203684
20	3	1	4	1.33	203192
20	3	2	0	1.34	203396
20	3	2	1	1.33	203696
20	3	2	2	1.35	203956
20	3	2	3	1.34	202460
20	3	2	4	1.35	203480
20	3	3	0	1.34	204020
20	3	3	1	1.33	205264
20	3	3	2	1.34	201992
20	3	3	3	1.35	202524
20	3	3	4	1.33	204260
20	3	4	0	1.33	204020
20	3	4	1	1.33	203832
20	3	4	2	1.33	203696
20	3	4	3	1.37	203556
20	3	4	4	1.33	201776
20	3	6	0	1.33	205444
20	3	6	1	1.33	203476
20	3	6	2	1.33	204236
20	3	6	3	1.34	203316
20	3	6	4	1.34	204428
20	3	8	0	1.34	202368
20	3	8	1	1.12	204240
20	3	8	2	1.34	204048
20	3	8	3	1.34	205048
20	3	8	4	1.34	202696
20	3	12	0	1.32	204040
20	3	12	1	1.33	203496
20	3	12	2	1.33	203700
20	3	12	3	1.12	204248
20	3	12	4	1.33	203316
20	3	16	0	1.33	202944
20	3	16	1	1.33	204244
20	3	16	2	1.33	203012
20	3	16	3	1.33	203224
20	3	16	4	1.33	204020
20	3	24	0	1.34	204804
20	3	24	1	1.33	204252
20	3	24	2	1.33	204028
20	3	24	3	1.34	204064
20	3	24	4	1.33	204816
20	3	32	0	1.33	203408
20	3	32	1	1.12	203876
20	3	32	2	1.34	202916
20	3	32	3	1.34	204592
20	3	32	4	1.33	203524
20	4	1	0	1.33	202180
20	4	1	1	1.34	203324
20	4	1	2	1.33	204500
20	4	1	3	1.33	203192
20	4	1	4	1.33	202888
20	4	2	0	1.34	202752
20	4	2	1	1.34	203708
20	4	2	2	1.33	204236
20	4	2	3	1.34	202368
20	4	2	4	1.34	202568
20	4	3	0	1.33	204244
20	4	3	1	1.33	202452
20	4	3	2	1.34	202196
20	4	3	3	1.34	203708
20	4	3	4	1.34	201512
20	4	4	0	1.33	202928
20	4	4	1	1.33	203648
20	4	4	2	1.34	203960
20	4	4	3	1.34	202188
20	4	4	4	1.34	204416
20	4	6	0	1.33	203460
20	4	6	1	1.34	203556
20	4	6	2	1.33	204732
20	4	6	3	1.33	204808
20	4	6	4	1.34	203340
20	4	8	0	1.33	203780
20	4	8	1	1.32	202468
20	4	8	2	1.34	203056
20	4	8	3	1.34	204240
20	4	8	4	1.33	204024
20	4	12	0	1.32	203220
20	4	12	1	1.33	204020
20	4	12	2	1.33	201804
20	4	12	3	1.34	204420
20	4	12	4	1.34	202128
20	4	16	0	1.34	203704
20	4	16	1	1.33	203312
20	4	16	2	1.34	203292
20	4	16	3	1.33	204424
20	4	16	4	1.33	203220
20	4	24	0	1.33	204720
20	4	24	1	1.33	203320
20	4	24	2	1.32	204240
20	4	24	3	1.13	203696
20	4	24	4	1.33	204028
20	4	32	0	1.33	203556
20	4	32	1	1.33	203568
20	4	32	2	1.32	202944
20	4	32	3	1.34	202956
20	4	32	4	1.33	203564
50	0	1	0	1.33	203148
50	0	1	1	1.33	203772
50	0	1	2	1.33	203304
50	0	1	3	1.33	202184
50	0	1	4	1.33	203372
50	0	2	0	1.34	203552
50	0	2	1	1.32	204024
50	0	2	2	1.34	203696
50	0	2	3	1.35	203220
50	0	2	4	1.33	204236
50	0	3	0	1.33	202720
50	0	3	1	1.34	201916
50	0	3	2	1.34	200512
50	0	3	3	1.34	203236
50	0	3	4	1.35	203472
50	0	4	0	1.34	202940
50	0	4	1	1.34	203228
50	0	4	2	1.34	204532
50	0	4	3	1.13	203820
50	0	4	4	1.34	203696
50	0	6	0	1.34	202940
50	0	6	1	1.34	200876
50	0	6	2	1.33	202932
50	0	6	3	1.33	203556
50	0	6	4	1.33	203544
50	0	8	0	1.33	202372
50	0	8	1	1.34	203836
50	0	8	2	1.33	204236
50	0	8	3	1.33	204020
50	0	8	4	1.33	205052
50	0	12	0	1.33	203696
50	0	12	1	1.33	203964
50	0	12	2	1.32	204508
50	0	12	3	1.36	203784
50	0	12	4	1.33	202940
50	0	16	0	1.34	202936
50	0	16	1	1.34	203960
50	0	16	2	1.33	203204
50	0	16	3	1.32	204012
50	0	16	4	1.32	203460
50	0	24	0	1.33	202940
50	0	24	1	1.12	203940
50	0	24	2	1.33	201716
50	0	24	3	1.34	204424
50	0	24	4	1.12	203904
50	0	32	0	1.33	203100
50	0	32	1	1.33	204824
50	0	32	2	1.34	204816
50	0	32	3	1.33	203484
50	0	32	4	1.34	204164
50	1	1	0	1.33	202988
50	1	1	1	1.32	203464
50	1	1	2	1.33	201492
50	1	1	3	1.32	203540
50	1	1	4	1.33	203428
50	1	2	0	1.13	205040
50	1	2	1	1.33	203928
50	1	2	2	1.35	202996
50	1	2	3	1.34	204728
50	1	2	4	1.34	203496
50	1	3	0	1.34	202932
50	1	3	1	1.34	203856
50	1	3	2	1.35	204244
50	1	3	3	1.34	203948
50	1	3	4	1.34	204440
50	1	4	0	1.33	202524
50	1	4	1	1.34	204420
50	1	4	2	1.34	203376
50	1	4	3	1.34	203392
50	1	4	4	1.33	203212
50	1	6	0	1.33	201264
50	1	6	1	1.33	205048
50	1	6	2	1.33	203552
50	1	6	3	1.34	201664
50	1	6	4	1.33	202932
50	1	8	0	1.33	203688
50	1	8	1	1.32	203488
50	1	8	2	1.33	203012
50	1	8	3	1.33	203112
50	1	8	4	1.32	203776
50	1	12	0	1.33	202940
50	1	12	1	1.33	203552
50	1	12	2	1.34	203120
50	1	12	3	1.33	201492
50	1	12	4	1.33	204244
50	1	16	0	1.33	203960
50	1	16	1	1.34	204024
50	1	16	2	1.34	203960
50	1	16	3	1.34	203100
50	1	16	4	1.33	203324
50	1	24	0	1.33	204716
50	1	24	1	1.33	205448
50	1	24	2	1.34	204584
50	1	24	3	1.33	204244
50	1	24	4	1.33	203464
50	1	32	0	1.33	204824
50	1	32	1	1.33	203012
50	1	32	2	1.34	204036
50	1	32	3	1.33	203716
50	1	32	4	1.34	203016
50	2	1	0	1.33	203688
50	2	1	1	1.34	204572
50	2	1	2	1.34	204224
50	2	1	3	1.33	203540
50	2	1	4	1.33	203936
50	2	2	0	1.34	203848
50	2	2	1	1.13	205436
50	2	2	2	1.34	204800
50	2	2	3	1.34	203420
50	2	2	4	1.34	204228
50	2	3	0	1.35	204420
50	2	3	1	1.34	204500
50	2	3	2	1.33	202912
50	2	3	3	1.36	202524
50	2	3	4	1.33	204048
50	2	4	0	1.33	200952
50	2	4	1	1.34	203788
50	2	4	2	1.35	203960
50	2	4	3	1.36	201816
50	2	4	4	1.34	201672
50	2	6	0	1.34	201908
50	2	6	1	1.34	203316
50	2	6	2	1.34	203388
50	2	6	3	1.32	204016
50	2	6	4	1.33	203488
50	2	8	0	1.33	203780
50	2	8	1	1.33	204236
50	2	8	2	1.33	201504
50	2	8	3	1.32	204172
50	2	8	4	1.34	203516
50	2	12	0	1.34	204492
50	2	12	1	1.33	205028
50	2	12	2	1.33	203228
50	2	12	3	1.33	203400
50	2	12	4	1.33	204808
50	2	16	0	1.12	204232
50	2	16	1	1.34	204416
50	2	16	2	1.33	204516
50	2	16	3	1.33	203480
50	2	16	4	1.33	204800
50	2	24	0	1.33	203556
50	2	24	1	1.33	204028
50	2	24	2	1.33	203704
50	2	24	3	1.33	204328
50	2	24	4	1.32	204812
50	2	32	0	1.34	201312
50	2	32	1	1.35	204076
50	2	32	2	1.33	204252
50	2	32	3	1.33	203420
50	2	32	4	1.33	203560
50	3	1	0	1.12	204552
50	3	1	1	1.32	202988
50	3	1	2	1.33	204220
50	3	1	3	1.34	203164
50	3	1	4	1.33	203768
50	3	2	0	1.34	202756
50	3	2	1	1.34	202348
50	3	2	2	1.34	203964
50	3	2	3	1.34	203692
50	3	2	4	1.34	204424
50	3	3	0	1.34	204028
50	3	3	1	1.34	203312
50	3	3	2	1.34	202996
50	3	3	3	1.34	203044
50	3	3	4	1.34	203492
50	3	4	0	1.35	203468
50	3	4	1	1.33	204244
50	3	4	2	1.36	203232
50	3	4	3	1.34	204244
50	3	4	4	1.33	201504
50	3	6	0	1.33	201904
50	3	6	1	1.34	204340
50	3	6	2	1.34	203124
50	3	6	3	1.34	204344
50	3	6	4	1.33	202364
50	3	8	0	1.33	204508
50	3	8	1	1.33	203960
50	3	8	2	1.33	204232
50	3	8	3	1.33	201708
50	3	8	4	1.33	203744
50	3	12	0	1.33	203480
50	3	12	1	1.32	201884
50	3	12	2	1.33	202564
50	3	12	3	1.34	203700
50	3	12	4	1.33	204892
50	3	16	0	1.34	204724
50	3	16	1	1.33	202208
50	3	16	2	1.11	204252
50	3	16	3	1.33	203792
50	3	16	4	1.34	201904
50	3	24	0	1.33	202984
50	3	24	1	1.33	203788
50	3	24	2	1.33	203104
50	3	24	3	1.33	204032
50	3	24	4	1.33	202448
50	3	32	0	1.34	204244
50	3	32	1	1.34	203212
50	3	32	2	1.33	202936
50	3	32	3	1.33	203556
50	3	32	4	1.33	204544
50	4	1	0	1.33	204400
50	4	1	1	1.33	204400
50	4	1	2	1.33	203168
50	4	1	3	1.34	203372
50	4	1	4	1.32	203928
50	4	2	0	1.35	204336
50	4	2	1	1.34	201920
50	4	2	2	1.34	204024
50	4	2	3	1.35	202684
50	4	2	4	1.33	203384
50	4	3	0	1.34	204020
50	4	3	1	1.34	202564
50	4	3	2	1.33	204232
50	4	3	3	1.34	203484
50	4	3	4	1.34	203548
50	4	4	0	1.33	203368
50	4	4	1	1.34	204028
50	4	4	2	1.13	204236
50	4	4	3	1.34	202816
50	4	4	4	1.32	203952
50	4	6	0	1.34	203784
50	4	6	1	1.34	203960
50	4	6	2	1.33	204228
50	4	6	3	1.32	204028
50	4	6	4	1.34	202932
50	4	8	0	1.34	202936
50	4	8	1	1.33	204808
50	4	8	2	1.35	203864
50	4	8	3	1.33	203960
50	4	8	4	1.33	202924
50	4	12	0	1.33	205404
50	4	12	1	1.33	204412
50	4	12	2	1.33	202816
50	4	12	3	1.32	203696
50	4	12	4	1.33	201904
50	4	16	0	1.34	203552
50	4	16	1	1.33	202528
50	4	16	2	1.33	204416
50	4	16	3	1.34	202032
50	4	16	4	1.32	203216
50	4	24	0	1.34	203232
50	4	24	1	1.34	205052
50	4	24	2	1.33	203876
50	4	24	3	1.33	203224
50	4	24	4	1.33	203604
50	4	32	0	1.33	204252
50	4	32	1	1.34	203560
50	4	32	2	1.33	202956
50	4	32	3	1.33	203732
50	4	32	4	1.34	203108
100	0	1	0	1.34	204704
100	0	1	1	1.33	201892
100	0	1	2	1.33	201496
100	0	1	3	1.33	203788
100	0	1	4	1.34	204296
100	0	2	0	1.34	203320
100	0	2	1	1.35	204032
100	0	2	2	1.35	203860
100	0	2	3	1.34	203112
100	0	2	4	1.33	204516
100	0	3	0	1.35	203856
100	0	3	1	1.34	202764
100	0	3	2	1.33	203956
100	0	3	3	1.33	203004
100	0	3	4	1.33	203956
100	0	4	0	1.35	203484
100	0	4	1	1.33	203308
100	0	4	2	1.34	203212
100	0	4	3	1.33	203480
100	0	4	4	1.34	202916
100	0	6	0	1.34	202368
100	0	6	1	1.13	203856
100	0	6	2	1.33	203956
100	0	6	3	1.35	203408
100	0	6	4	1.34	203960
100	0	8	0	1.34	203228
100	0	8	1	1.33	203960
100	0	8	2	1.34	202576
100	0	8	3	1.34	204804
100	0	8	4	1.34	203448
100	0	12	0	1.33	202688
100	0	12	1	1.34	202292
100	0	12	2	1.34	203556
100	0	12	3	1.33	204244
100	0	12	4	1.33	203312
100	0	16	0	1.33	204236
100	0	16	1	1.33	203004
100	0	16	2	1.35	203268
100	0	16	3	1.33	203320
100	0	16	4	1.34	203264
100	0	24	0	1.34	203464
100	0	24	1	1.33	203316
100	0	24	2	1.33	204244
100	0	24	3	1.34	203552
100	0	24	4	1.33	204516
100	0	32	0	1.34	202724
100	0	32	1	1.34	203368
100	0	32	2	1.34	203556
100	0	32	3	1.34	203568
100	0	32	4	1.33	203980
100	1	1	0	1.34	204324
100	1	1	1	1.33	204392
100	1	1	2	1.32	203184
100	1	1	3	1.33	203376
100	1	1	4	1.33	203684
100	1	2	0	1.34	204504
100	1	2	1	1.33	203472
100	1	2	2	1.34	203964
100	1	2	3	1.33	204024
100	1	2	4	1.35	203208
100	1	3	0	1.13	204512
100	1	3	1	1.35	202540
100	1	3	2	1.35	201236
100	1	3	3	1.34	203328
100	1	3	4	1.13	204720
100	1	4	0	1.34	204416
100	1	4	1	1.35	204016
100	1	4	2	1.34	204024
100	1	4	3	1.34	203552
100	1	4	4	1.35	204720
100	1	6	0	1.33	203552
100	1	6	1	1.33	203488
100	1	6	2	1.33	204028
100	1	6	3	1.33	204244
100	1	6	4	1.33	205052
100	1	8	0	1.34	204600
100	1	8	1	1.34	203016
100	1	8	2	1.34	203956
100	1	8	3	1.34	203960
100	1	8	4	1.34	203228
100	1	12	0	1.33	204432
100	1	12	1	1.34	203712
100	1	12	2	1.32	201228
100	1	12	3	1.33	203696
100	1	12	4	1.13	204372
100	1	16	0	1.33	203188
100	1	16	1	1.32	204248
100	1	16	2	1.33	203788
100	1	16	3	1.33	204224
100	1	16	4	1.34	203552
100	1	24	0	1.33	203864
100	1	24	1	1.33	204248
100	1	24	2	1.33	203324
100	1	24	3	1.33	204416
100	1	24	4	1.33	204248
100	1	32	0	1.34	203396
100	1	32	1	1.34	204232
100	1	32	2	1.33	203096
100	1	32	3	1.33	202828
100	1	32	4	1.33	203576
100	2	1	0	1.34	203524
100	2	1	1	1.34	202540
100	2	1	2	1.34	203944
100	2	1	3	1.32	202924
100	2	1	4	1.33	203536
100	2	2	0	1.35	201024
100	2	2	1	1.34	203564
100	2	2	2	1.34	204020
100	2	2	3	1.36	204252
100	2	2	4	1.34	203692
100	2	3	0	1.34	204232
100	2	3	1	1.34	204240
100	2	3	2	1.35	203960
100	2	3	3	1.34	201732
100	2	3	4	1.34	202088
100	2	4	0	1.13	204780
100	2	4	1	1.34	203444
100	2	4	2	1.34	203580
100	2	4	3	1.34	202940
100	2	4	4	1.34	203312
100	2	6	0	1.34	204212
100	2	6	1	1.33	203476
100	2	6	2	1.34	203556
100	2	6	3	1.35	203308
100	2	6	4	1.12	204684
100	2	8	0	1.33	205048
100	2	8	1	1.34	201084
100	2	8	2	1.34	204020
100	2	8	3	1.34	203968
100	2	8	4	1.34	202928
100	2	12	0	1.33	203548
100	2	12	1	1.33	205440
100	2	12	2	1.34	203216
100	2	12	3	1.34	201096
100	2	12	4	1.33	204504
100	2	16	0	1.33	204428
100	2	16	1	1.33	204808
100	2	16	2	1.32	203596
100	2	16	3	1.33	202940
100	2	16	4	1.33	202948
100	2	24	0	1.33	203340
100	2	24	1	1.33	203172
100	2	24	2	1.33	202204
100	2	24	3	1.32	201176
100	2	24	4	1.34	204508
100	2	32	0	1.33	202296
100	2	32	1	1.35	202944
100	2	32	2	1.34	203592
100	2	32	3	1.33	201932
100	2	32	4	1.33	203464
100	3	1	0	1.34	202512
100	3	1	1	1.33	202180
100	3	1	2	1.33	203096
100	3	1	3	1.33	203768
100	3	1	4	1.34	203360
100	3	2	0	1.34	204568
100	3	2	1	1.34	203952
100	3	2	2	1.34	202168
100	3	2	3	1.35	203952
100	3	2	4	1.35	203704
100	3	3	0	1.35	203548
100	3	3	1	1.35	204532
100	3	3	2	1.34	203952
100	3	3	3	1.34	204024
100	3	3	4	1.35	202580
100	3	4	0	1.33	203548
100	3	4	1	1.34	203956
100	3	4	2	1.34	201900
100	3	4	3	1.34	202964
100	3	4	4	1.33	203484
100	3	6	0	1.34	204424
100	3	6	1	1.34	203208
100	3	6	2	1.34	203128
100	3	6	3	1.34	203228
100	3	6	4	1.34	201272
100	3	8	0	1.33	203208
100	3	8	1	1.34	202936
100	3	8	2	1.13	204972
100	3	8	3	1.33	203112
100	3	8	4	1.33	204020
100	3	12	0	1.33	202732
100	3	12	1	1.32	203320
100	3	12	2	1.34	204516
100	3	12	3	1.34	204248
100	3	12	4	1.34	204416
100	3	16	0	1.33	203448
100	3	16	1	1.33	204024
100	3	16	2	1.32	203292
100	3	16	3	1.34	203556
100	3	16	4	1.33	201868
100	3	24	0	1.33	202728
100	3	24	1	1.34	203560
100	3	24	2	1.12	204428
100	3	24	3	1.34	203232
100	3	24	4	1.33	203956
100	3	32	0	1.34	204440
100	3	32	1	1.34	204436
100	3	32	2	1.33	203704
100	3	32	3	1.34	204524
100	3	32	4	1.34	202840
100	4	1	0	1.33	203292
100	4	1	1	1.33	205424
100	4	1	2	1.34	201972
100	4	1	3	1.32	205032
100	4	1	4	1.12	204264
100	4	2	0	1.34	204024
100	4	2	1	1.35	203328
100	4	2	2	1.34	201904
100	4	2	3	1.35	204672
100	4	2	4	1.34	203956
100	4	3	0	1.35	203484
100	4	3	1	1.34	202872
100	4	3	2	1.34	203212
100	4	3	3	1.36	203540
100	4	3	4	1.34	203772
100	4	4	0	1.34	203960
100	4	4	1	1.35	200876
100	4	4	2	1.33	203704
100	4	4	3	1.34	204232
100	4	4	4	1.34	205780
100	4	6	0	1.34	204448
100	4	6	1	1.32	203956
100	4	6	2	1.33	201820
100	4	6	3	1.33	203516
100	4	6	4	1.35	201988
100	4	8	0	1.34	203944
100	4	8	1	1.33	205440
100	4	8	2	1.33	203552
100	4	8	3	1.34	204236
100	4	8	4	1.33	203216
100	4	12	0	1.33	205040
100	4	12	1	1.34	204424
100	4	12	2	1.35	203168
100	4	12	3	1.34	203228
100	4	12	4	1.33	203576
100	4	16	0	1.34	202528
100	4	16	1	1.33	202932
100	4	16	2	1.33	204416
100	4	16	3	1.33	204032
100	4	16	4	1.34	203960
100	4	24	0	1.34	201916
100	4	24	1	1.33	204808
100	4	24	2	1.33	204424
100	4	24	3	1.33	202696
100	4	24	4	1.34	203232
100	4	32	0	1.35	203868
100	4	32	1	1.33	202540
100	4	32	2	1.33	202956
100	4	32	3	1.33	203492
100	4	32	4	1.34	203228
200	0	1	0	1.34	204224
200	0	1	1	1.35	202660
200	0	1	2	1.34	203488
200	0	1	3	1.35	203944
200	0	1	4	1.33	202180
200	0	2	0	1.35	201644
200	0	2	1	1.35	204240
200	0	2	2	1.34	203936
200	0	2	3	1.35	201504
200	0	2	4	1.35	203708
200	0	3	0	1.35	204392
200	0	3	1	1.35	204720
200	0	3	2	1.35	204008
200	0	3	3	1.34	204804
200	0	3	4	1.34	203960
200	0	4	0	1.36	204716
200	0	4	1	1.35	203228
200	0	4	2	1.38	202524
200	0	4	3	1.35	204416
200	0	4	4	1.35	204200
200	0	6	0	1.35	204412
200	0	6	1	1.34	203396
200	0	6	2	1.34	202940
200	0	6	3	1.14	204500
200	0	6	4	1.35	203548
200	0	8	0	1.34	203308
200	0	8	1	1.34	204720
200	0	8	2	1.34	204016
200	0	8	3	1.34	204420
200	0	8	4	1.35	203780
200	0	12	0	1.34	203552
200	0	12	1	1.32	204024
200	0	12	2	1.35	204804
200	0	12	3	1.34	204256
200	0	12	4	1.35	205040
200	0	16	0	1.34	205452
200	0	16	1	1.34	203488
200	0	16	2	1.33	202932
200	0	16	3	1.33	204064
200	0	16	4	1.34	202944
200	0	24	0	1.34	203724
200	0	24	1	1.33	204032
200	0	24	2	1.34	201432
200	0	24	3	1.35	202844
200	0	24	4	1.34	204016
200	0	32	0	1.35	204040
200	0	32	1	1.34	202232
200	0	32	2	1.35	203584
200	0	32	3	1.34	204816
200	0	32	4	1.34	203120
200	1	1	0	1.33	202796
200	1	1	1	1.34	201792
200	1	1	2	1.34	203464
200	1	1	3	1.34	202932
200	1	1	4	1.34	202992
200	1	2	0	1.34	204224
200	1	2	1	1.35	204808
200	1	2	2	1.34	203964
200	1	2	3	1.34	203700
200	1	2	4	1.35	204420
200	1	3	0	1.35	202548
200	1	3	1	1.35	203236
200	1	3	2	1.35	204080
200	1	3	3	1.35	203948
200	1	3	4	1.35	204248
200	1	4	0	1.35	204416
200	1	4	1	1.34	203956
200	1	4	2	1.35	203312
200	1	4	3	1.35	202844
200	1	4	4	1.36	203216
200	1	6	0	1.34	204724
200	1	6	1	1.34	202664
200	1	6	2	1.33	203196
200	1	6	3	1.34	202996
200	1	6	4	1.35	203832
200	1	8	0	1.34	204244
200	1	8	1	1.35	203700
200	1	8	2	1.34	203544
200	1	8	3	1.34	204324
200	1	8	4	1.34	203552
200	1	12	0	1.33	202868
200	1	12	1	1.12	203824
200	1	12	2	1.13	204632
200	1	12	3	1.35	205824
200	1	12	4	1.34	201924
200	1	16	0	1.34	204236
200	1	16	1	1.34	204800
200	1	16	2	1.34	204024
200	1	16	3	1.33	203488
200	1	16	4	1.12	204704
200	1	24	0	1.34	201980
200	1	24	1	1.34	204356
200	1	24	2	1.33	204800
200	1	24	3	1.13	204436
200	1	24	4	1.34	202940
200	1	32	0	1.34	203224
200	1	32	1	1.34	204040
200	1	32	2	1.34	204036
200	1	32	3	1.34	203964
200	1	32	4	1.35	203104
200	2	1	0	1.34	203464
200	2	1	1	1.34	203436
200	2	1	2	1.34	203220
200	2	1	3	1.32	203768
200	2	1	4	1.34	205432
200	2	2	0	1.35	203432
200	2	2	1	1.34	203792
200	2	2	2	1.36	202932
200	2	2	3	1.36	202932
200	2	2	4	1.36	204528
200	2	3	0	1.35	203412
200	2	3	1	1.34	203672
200	2	3	2	1.35	203484
200	2	3	3	1.35	203868
200	2	3	4	1.34	202624
200	2	4	0	1.34	203788
200	2	4	1	1.35	203940
200	2	4	2	1.35	203392
200	2	4	3	1.34	200896
200	2	4	4	1.34	202960
200	2	6	0	1.34	204816
200	2	6	1	1.34	204500
200	2	6	2	1.34	204420
200	2	6	3	1.34	203272
200	2	6	4	1.34	202596
200	2	8	0	1.35	202924
200	2	8	1	1.34	202748
200	2	8	2	1.34	203540
200	2	8	3	1.34	203284
200	2	8	4	1.33	204032
200	2	12	0	1.34	204248
200	2	12	1	1.34	204804
200	2	12	2	1.35	203880
200	2	12	3	1.33	205248
200	2	12	4	1.33	203548
200	2	16	0	1.33	202680
200	2	16	1	1.33	203492
200	2	16	2	1.33	204264
200	2	16	3	1.34	203704
200	2	16	4	1.34	203964
200	2	24	0	1.34	204424
200	2	24	1	1.34	203320
200	2	24	2	1.34	203964
200	2	24	3	1.13	204024
200	2	24	4	1.34	204884
200	2	32	0	1.35	203364
200	2	32	1	1.34	203812
200	2	32	2	1.35	204272
200	2	32	3	1.33	204260
200	2	32	4	1.35	203500
200	3	1	0	1.33	203564
200	3	1	1	1.34	204240
200	3	1	2	1.33	203204
200	3	1	3	1.34	203768
200	3	1	4	1.33	203684
200	3	2	0	1.35	202920
200	3	2	1	1.34	202524
200	3	2	2	1.34	204020
200	3	2	3	1.36	201924
200	3	2	4	1.35	204240
200	3	3	0	1.35	204232
200	3	3	1	1.35	204416
200	3	3	2	1.34	203276
200	3	3	3	1.36	203576
200	3	3	4	1.35	204412
200	3	4	0	1.35	202784
200	3	4	1	1.35	203588
200	3	4	2	1.34	203480
200	3	4	3	1.36	202940
200	3	4	4	1.34	204416
200	3	6	0	1.34	202788
200	3	6	1	1.34	203304
200	3	6	2	1.35	201984
200	3	6	3	1.36	203756
200	3	6	4	1.34	203536
200	3	8	0	1.34	203668
200	3	8	1	1.34	203764
200	3	8	2	1.34	203784
200	3	8	3	1.34	203392
200	3	8	4	1.33	204736
200	3	12	0	1.33	204416
200	3	12	1	1.34	204416
200	3	12	2	1.34	203284
200	3	12	3	1.35	203304
200	3	12	4	1.34	203952
200	3	16	0	1.33	203328
200	3	16	1	1.34	203392
200	3	16	2	1.33	204040
200	3	16	3	1.33	204408
200	3	16	4	1.34	205048
200	3	24	0	1.33	203696
200	3	24	1	1.35	203008
200	3	24	2	1.34	203424
200	3	24	3	1.34	204020
200	3	24	4	1.34	203488
200	3	32	0	1.34	203552
200	3	32	1	1.35	201752
200	3	32	2	1.34	203568
200	3	32	3	1.34	202968
200	3	32	4	1.34	205068
200	4	1	0	1.34	203040
200	4	1	1	1.12	205040
200	4	1	2	1.34	203192
200	4	1	3	1.34	202976
200	4	1	4	1.34	203392
200	4	2	0	1.35	204716
200	4	2	1	1.35	204804
200	4	2	2	1.34	204336
200	4	2	3	1.35	204020
200	4	2	4	1.34	202936
200	4	3	0	1.35	204016
200	4	3	1	1.35	204220
200	4	3	2	1.35	202528
200	4	3	3	1.36	204720
200	4	3	4	1.35	203228
200	4	4	0	1.34	205056
200	4	4	1	1.35	202924
200	4	4	2	1.34	201052
200	4	4	3	1.34	204028
200	4	4	4	1.34	204224
200	4	6	0	1.34	204028
200	4	6	1	1.33	204344
200	4	6	2	1.34	202572
200	4	6	3	1.34	203060
200	4	6	4	1.34	204424
200	4	8	0	1.35	203328
200	4	8	1	1.35	203208
200	4	8	2	1.34	204020
200	4	8	3	1.34	201308
200	4	8	4	1.34	203964
200	4	12	0	1.34	203312
200	4	12	1	1.34	204232
200	4	12	2	1.34	204032
200	4	12	3	1.34	204412
200	4	12	4	1.35	203872
200	4	16	0	1.33	203700
200	4	16	1	1.34	204816
200	4	16	2	1.33	203560
200	4	16	3	1.33	203224
200	4	16	4	1.34	202936
200	4	24	0	1.34	204028
200	4	24	1	1.34	204516
200	4	24	2	1.34	203572
200	4	24	3	1.34	204812
200	4	24	4	1.33	202940
200	4	32	0	1.35	203212
200	4	32	1	1.35	203556
200	4	32	2	1.34	204528
200	4	32	3	1.34	204432
200	4	32	4	1.34	202748
500	0	1	0	1.37	202912
500	0	1	1	1.37	204216
500	0	1	2	1.37	205040
500	0	1	3	1.38	201464
500	0	1	4	1.38	203948
500	0	2	0	1.38	204504
500	0	2	1	1.38	204504
500	0	2	2	1.38	204716
500	0	2	3	1.37	203480
500	0	2	4	1.38	203456
500	0	3	0	1.37	202672
500	0	3	1	1.38	204240
500	0	3	2	1.36	202752
500	0	3	3	1.17	205104
500	0	3	4	1.37	204028
500	0	4	0	1.37	204800
500	0	4	1	1.38	201920
500	0	4	2	1.37	205268
500	0	4	3	1.38	203224
500	0	4	4	1.37	205252
500	0	6	0	1.36	204580
500	0	6	1	1.37	202972
500	0	6	2	1.37	202932
500	0	6	3	1.16	204200
500	0	6	4	1.37	203700
500	0	8	0	1.16	204064
500	0	8	1	1.38	204860
500	0	8	2	1.37	202956
500	0	8	3	1.38	204328
500	0	8	4	1.38	203868
500	0	12	0	1.38	203956
500	0	12	1	1.37	202928
500	0	12	2	1.36	203372
500	0	12	3	1.38	203268
500	0	12	4	1.38	203092
500	0	16	0	1.37	202948
500	0	16	1	1.37	204808
500	0	16	2	1.36	202992
500	0	16	3	1.37	204808
500	0	16	4	1.37	204252
500	0	24	0	1.38	203572
500	0	24	1	1.35	203232
500	0	24	2	1.36	203548
500	0	24	3	1.37	202528
500	0	24	4	1.36	202932
500	0	32	0	1.37	203568
500	0	32	1	1.38	203872
500	0	32	2	1.38	203252
500	0	32	3	1.38	203324
500	0	32	4	1.37	203716
500	1	1	0	1.37	202920
500	1	1	1	1.37	203380
500	1	1	2	1.36	203696
500	1	1	3	1.37	201148
500	1	1	4	1.37	204584
500	1	2	0	1.38	201980
500	1	2	1	1.39	203380
500	1	2	2	1.37	204804
500	1	2	3	1.38	203964
500	1	2	4	1.38	204028
500	1	3	0	1.38	203492
500	1	3	1	1.38	203008
500	1	3	2	1.37	202772
500	1	3	3	1.38	204624
500	1	3	4	1.38	203544
500	1	4	0	1.37	204020
500	1	4	1	1.37	204808
500	1	4	2	1.37	204236
500	1	4	3	1.37	202532
500	1	4	4	1.38	204032
500	1	6	0	1.37	203324
500	1	6	1	1.38	203376
500	1	6	2	1.38	204420
500	1	6	3	1.37	203960
500	1	6	4	1.37	203488
500	1	8	0	1.38	202296
500	1	8	1	1.39	203548
500	1	8	2	1.37	203388
500	1	8	3	1.38	204028
500	1	8	4	1.37	201904
500	1	12	0	1.37	204804
500	1	12	1	1.37	203928
500	1	12	2	1.37	203556
500	1	12	3	1.38	204496
500	1	12	4	1.36	203556
500	1	16	0	1.37	204024
500	1	16	1	1.37	202516
500	1	16	2	1.15	205044
500	1	16	3	1.37	203284
500	1	16	4	1.37	203488
500	1	24	0	1.37	204244
500	1	24	1	1.37	204028
500	1	24	2	1.37	204240
500	1	24	3	1.37	205048
500	1	24	4	1.38	203692
500	1	32	0	1.38	203568
500	1	32	1	1.37	203716
500	1	32	2	1.37	204252
500	1	32	3	1.38	204516
500	1	32	4	1.37	201668
500	2	1	0	1.36	203288
500	2	1	1	1.36	203588
500	2	1	2	1.38	204396
500	2	1	3	1.38	202276
500	2	1	4	1.37	204400
500	2	2	0	1.38	203552
500	2	2	1	1.38	203556
500	2	2	2	1.17	204532
500	2	2	3	1.38	203240
500	2	2	4	1.39	202692
500	2	3	0	1.38	203540
500	2	3	1	1.17	204712
500	2	3	2	1.38	203556
500	2	3	3	1.38	203160
500	2	3	4	1.17	204532
500	2	4	0	1.38	203492
500	2	4	1	1.37	204308
500	2	4	2	1.38	204800
500	2	4	3	1.38	202620
500	2	4	4	1.38	204212
500	2	6	0	1.37	204016
500	2	6	1	1.38	204724
500	2	6	2	1.37	204236
500	2	6	3	1.37	203444
500	2	6	4	1.38	205452
500	2	8	0	1.38	203708
500	2	8	1	1.38	202932
500	2	8	2	1.37	203948
500	2	8	3	1.37	204024
500	2	8	4	1.37	205052
500	2	12	0	1.37	203524
500	2	12	1	1.37	202928
500	2	12	2	1.37	204724
500	2	12	3	1.36	204248
500	2	12	4	1.37	202832
500	2	16	0	1.38	204024
500	2	16	1	1.36	203952
500	2	16	2	1.37	204032
500	2	16	3	1.37	203316
500	2	16	4	1.37	203544
500	2	24	0	1.37	204812
500	2	24	1	1.36	204036
500	2	24	2	1.38	203552
500	2	24	3	1.37	203704
500	2	24	4	1.38	203524
500	2	32	0	1.37	203772
500	2	32	1	1.38	203568
500	2	32	2	1.37	203572
500	2	32	3	1.38	203596
500	2	32	4	1.38	205056
500	3	1	0	1.37	203684
500	3	1	1	1.38	202956
500	3	1	2	1.36	204412
500	3	1	3	1.37	203688
500	3	1	4	1.37	202740
500	3	2	0	1.37	204800
500	3	2	1	1.39	203112
500	3	2	2	1.38	203696
500	3	2	3	1.38	204232
500	3	2	4	1.37	204028
500	3	3	0	1.38	202944
500	3	3	1	1.37	202972
500	3	3	2	1.37	203548
500	3	3	3	1.37	203552
500	3	3	4	1.38	203316
500	3	4	0	1.37	204036
500	3	4	1	1.39	204216
500	3	4	2	1.38	204212
500	3	4	3	1.38	204220
500	3	4	4	1.37	203288
500	3	6	0	1.38	203312
500	3	6	1	1.37	203348
500	3	6	2	1.37	204240
500	3	6	3	1.38	204236
500	3	6	4	1.37	202528
500	3	8	0	1.37	203552
500	3	8	1	1.37	204728
500	3	8	2	1.38	203712
500	3	8	3	1.37	203552
500	3	8	4	1.38	203212
500	3	12	0	1.38	203572
500	3	12	1	1.36	201856
500	3	12	2	1.37	202900
500	3	12	3	1.37	204024
500	3	12	4	1.37	204244
500	3	16	0	1.34	203956
500	3	16	1	1.36	204728
500	3	16	2	1.37	202756
500	3	16	3	1.16	203828
500	3	16	4	1.36	201820
500	3	24	0	1.37	205060
500	3	24	1	1.37	201908
500	3	24	2	1.37	202688
500	3	24	3	1.38	203780
500	3	24	4	1.37	203324
500	3	32	0	1.37	204040
500	3	32	1	1.36	204028
500	3	32	2	1.37	203188
500	3	32	3	1.38	202476
500	3	32	4	1.16	204732
500	4	1	0	1.37	203540
500	4	1	1	1.38	203200
500	4	1	2	1.37	202984
500	4	1	3	1.37	203160
500	4	1	4	1.37	204228
500	4	2	0	1.38	202288
500	4	2	1	1.37	205040
500	4	2	2	1.37	203576
500	4	2	3	1.38	202884
500	4	2	4	1.38	203556
500	4	3	0	1.39	204028
500	4	3	1	1.38	204020
500	4	3	2	1.37	203420
500	4	3	3	1.38	203156
500	4	3	4	1.37	204244
500	4	4	0	1.37	202936
500	4	4	1	1.38	203556
500	4	4	2	1.38	204804
500	4	4	3	1.37	204232
500	4	4	4	1.38	203656
500	4	6	0	1.36	204432
500	4	6	1	1.37	203544
500	4	6	2	1.38	203964
500	4	6	3	1.37	202116
500	4	6	4	1.37	202524
500	4	8	0	1.37	205048
500	4	8	1	1.36	204024
500	4	8	2	1.38	204032
500	4	8	3	1.37	203896
500	4	8	4	1.36	203384
500	4	12	0	1.36	201976
500	4	12	1	1.37	203420
500	4	12	2	1.35	204236
500	4	12	3	1.38	203008
500	4	12	4	1.36	204232
500	4	16	0	1.38	205828
500	4	16	1	1.37	203220
500	4	16	2	1.36	201916
500	4	16	3	1.37	204020
500	4	16	4	1.15	203948
500	4	24	0	1.37	202388
500	4	24	1	1.38	203312
500	4	24	2	1.37	204024
500	4	24	3	1.37	203156
500	4	24	4	1.36	205820
500	4	32	0	1.37	202472
500	4	32	1	1.37	202948
500	4	32	2	1.37	204036
500	4	32	3	1.38	203420
500	4	32	4	1.38	204436
1000	0	1	0	1.46	206180
1000	0	1	1	1.47	203968
1000	0	1	2	1.47	204040
1000	0	1	3	1.47	206012
1000	0	1	4	1.27	206440
1000	0	2	0	1.49	207236
1000	0	2	1	1.50	204548
1000	0	2	2	1.50	204692
1000	0	2	3	1.50	205212
1000	0	2	4	1.51	206008
1000	0	3	0	1.49	206124
1000	0	3	1	1.49	207372
1000	0	3	2	1.49	206240
1000	0	3	3	1.49	207256
1000	0	3	4	1.49	203692
1000	0	4	0	1.49	207172
1000	0	4	1	1.49	206180
1000	0	4	2	1.50	207080
1000	0	4	3	1.49	206112
1000	0	4	4	1.49	206248
1000	0	6	0	1.48	207196
1000	0	6	1	1.48	206240
1000	0	6	2	1.49	203208
1000	0	6	3	1.49	207356
1000	0	6	4	1.49	206232
1000	0	8	0	1.48	206228
1000	0	8	1	1.48	206216
1000	0	8	2	1.48	204364
1000	0	8	3	1.48	205080
1000	0	8	4	1.47	206188
1000	0	12	0	1.27	206160
1000	0	12	1	1.47	205068
1000	0	12	2	1.48	206196
1000	0	12	3	1.47	206208
1000	0	12	4	1.48	206188
1000	0	16	0	1.47	206196
1000	0	16	1	1.47	205604
1000	0	16	2	1.49	204724
1000	0	16	3	1.47	206244
1000	0	16	4	1.48	205504
1000	0	24	0	1.49	205164
1000	0	24	1	1.48	206168
1000	0	24	2	1.48	205376
1000	0	24	3	1.48	207412
1000	0	24	4	1.48	205336
1000	0	32	0	1.49	205020
1000	0	32	1	1.48	206032
1000	0	32	2	1.48	206176
1000	0	32	3	1.48	205848
1000	0	32	4	1.48	204800
1000	1	1	0	1.48	207020
1000	1	1	1	1.48	205004
1000	1	1	2	1.48	207056
1000	1	1	3	1.48	203900
1000	1	1	4	1.47	206040
1000	1	2	0	1.50	206284
1000	1	2	1	1.50	206212
1000	1	2	2	1.51	206316
1000	1	2	3	1.49	205412
1000	1	2	4	1.49	205196
1000	1	3	0	1.48	206232
1000	1	3	1	1.50	204900
1000	1	3	2	1.49	206444
1000	1	3	3	1.50	205968
1000	1	3	4	1.49	205216
1000	1	4	0	1.50	206012
1000	1	4	1	1.48	206104
1000	1	4	2	1.48	204304
1000	1	4	3	1.50	206240
1000	1	4	4	1.49	205316
1000	1	6	0	1.48	206308
1000	1	6	1	1.47	206732
1000	1	6	2	1.49	206200
1000	1	6	3	1.48	204328
1000	1	6	4	1.48	206544
1000	1	8	0	1.48	205408
1000	1	8	1	1.48	206216
1000	1	8	2	1.48	207456
1000	1	8	3	1.48	206228
1000	1	8	4	1.49	205132
1000	1	12	0	1.47	206240
1000	1	12	1	1.47	205920
1000	1	12	2	1.48	205168
1000	1	12	3	1.48	205008
1000	1	12	4	1.47	206436
1000	1	16	0	1.48	206396
1000	1	16	1	1.47	205560
1000	1	16	2	1.48	204940
1000	1	16	3	1.48	205940
1000	1	16	4	1.47	206192
1000	1	24	0	1.48	206336
1000	1	24	1	1.48	205244
1000	1	24	2	1.48	206380
1000	1	24	3	1.47	205996
1000	1	24	4	1.48	207368
1000	1	32	0	1.49	204608
1000	1	32	1	1.49	207020
1000	1	32	2	1.48	206360
1000	1	32	3	1.49	206064
1000	1	32	4	1.27	207284
1000	2	1	0	1.49	203748
1000	2	1	1	1.48	206372
1000	2	1	2	1.47	206032
1000	2	1	3	1.48	206032
1000	2	1	4	1.48	204064
1000	2	2	0	1.50	206584
1000	2	2	1	1.50	206260
1000	2	2	2	1.49	206208
1000	2	2	3	1.50	205632
1000	2	2	4	1.30	207364
1000	2	3	0	1.49	205672
1000	2	3	1	1.50	206144
1000	2	3	2	1.50	205924
1000	2	3	3	1.28	207384
1000	2	3	4	1.50	204076
1000	2	4	0	1.48	206184
1000	2	4	1	1.49	206556
1000	2	4	2	1.49	207280
1000	2	4	3	1.49	205456
1000	2	4	4	1.49	206260
1000	2	6	0	1.48	205196
1000	2	6	1	1.48	205224
1000	2	6	2	1.48	205852
1000	2	6	3	1.49	206444
1000	2	6	4	1.49	207032
1000	2	8	0	1.49	207224
1000	2	8	1	1.48	205852
1000	2	8	2	1.47	206228
1000	2	8	3	1.48	205580
1000	2	8	4	1.48	205084
1000	2	12	0	1.48	206188
1000	2	12	1	1.47	205548
1000	2	12	2	1.47	206540
1000	2	12	3	1.49	207412
1000	2	12	4	1.47	206288
1000	2	16	0	1.48	206184
1000	2	16	1	1.47	206240
1000	2	16	2	1.47	207208
1000	2	16	3	1.47	207036
1000	2	16	4	1.47	207232
1000	2	24	0	1.48	205168
1000	2	24	1	1.48	206148
1000	2	24	2	1.48	205040
1000	2	24	3	1.48	206140
1000	2	24	4	1.48	206176
1000	2	32	0	1.48	206352
1000	2	32	1	1.48	205612
1000	2	32	2	1.49	205000
1000	2	32	3	1.48	207444
1000	2	32	4	1.48	205096
1000	3	1	0	1.48	204740
1000	3	1	1	1.50	204964
1000	3	1	2	1.47	204896
1000	3	1	3	1.47	205032
1000	3	1	4	1.48	206028
1000	3	2	0	1.50	205216
1000	3	2	1	1.50	206240
1000	3	2	2	1.48	205232
1000	3	2	3	1.49	205232
1000	3	2	4	1.50	207256
1000	3	3	0	1.48	206028
1000	3	3	1	1.50	207360
1000	3	3	2	1.50	206256
1000	3	3	3	1.28	207408
1000	3	3	4	1.49	206248
1000	3	4	0	1.49	204200
1000	3	4	1	1.49	205888
1000	3	4	2	1.49	206260
1000	3	4	3	1.49	206252
1000	3	4	4	1.49	207236
1000	3	6	0	1.27	206400
1000	3	6	1	1.48	205788
1000	3	6	2	1.49	206456
1000	3	6	3	1.49	206016
1000	3	6	4	1.48	205208
1000	3	8	0	1.48	206228
1000	3	8	1	1.48	204252
1000	3	8	2	1.48	206236
1000	3	8	3	1.49	206252
1000	3	8	4	1.48	206020
1000	3	12	0	1.48	206132
1000	3	12	1	1.47	204332
1000	3	12	2	1.48	206188
1000	3	12	3	1.48	206516
1000	3	12	4	1.48	205184
1000	3	16	0	1.47	205172
1000	3	16	1	1.48	205216
1000	3	16	2	1.48	206192
1000	3	16	3	1.49	206108
1000	3	16	4	1.48	207232
1000	3	24	0	1.49	206188
1000	3	24	1	1.48	206224
1000	3	24	2	1.27	207216
1000	3	24	3	1.47	206104
1000	3	24	4	1.48	205360
1000	3	32	0	1.48	204500
1000	3	32	1	1.49	205052
1000	3	32	2	1.27	207132
1000	3	32	3	1.48	206040
1000	3	32	4	1.48	206060
1000	4	1	0	1.47	205796
1000	4	1	1	1.47	205836
1000	4	1	2	1.48	205020
1000	4	1	3	1.48	204920
1000	4	1	4	1.26	207064
1000	4	2	0	1.50	205264
1000	4	2	1	1.50	204392
1000	4	2	2	1.51	206988
1000	4	2	3	1.50	204936
1000	4	2	4	1.49	205208
1000	4	3	0	1.49	205988
1000	4	3	1	1.49	205684
1000	4	3	2	1.50	206200
1000	4	3	3	1.50	205324
1000	4	3	4	1.49	204988
1000	4	4	0	1.49	205616
1000	4	4	1	1.48	206248
1000	4	4	2	1.48	205880
1000	4	4	3	1.48	207264
1000	4	4	4	1.49	206128
1000	4	6	0	1.49	206216
1000	4	6	1	1.49	206380
1000	4	6	2	1.49	206132
1000	4	6	3	1.49	206664
1000	4	6	4	1.49	205348
1000	4	8	0	1.48	206888
1000	4	8	1	1.49	205856
1000	4	8	2	1.49	206428
1000	4	8	3	1.46	206292
1000	4	8	4	1.49	204420
1000	4	12	0	1.48	206200
1000	4	12	1	1.47	203592
1000	4	12	2	1.47	206432
1000	4	12	3	1.48	205512
1000	4	12	4	1.47	206544
1000	4	16	0	1.47	205156
1000	4	16	1	1.48	204176
1000	4	16	2	1.45	206404
1000	4	16	3	1.48	206540
1000	4	16	4	1.48	207184
1000	4	24	0	1.48	206108
1000	4	24	1	1.47	202844
1000	4	24	2	1.47	207156
1000	4	24	3	1.48	206164
1000	4	24	4	1.48	206036
1000	4	32	0	1.48	206336
1000	4	32	1	1.48	206844
1000	4	32	2	1.48	205964
1000	4	32	3	1.48	205736
1000	4	32	4	1.49	207176
2000	0	1	0	1.97	372008
2000	0	1	1	1.96	372720
2000	0	1	2	1.96	371568
2000	0	1	3	1.96	371180
2000	0	1	4	1.97	372100
2000	0	2	0	1.96	370280
2000	0	2	1	1.75	373512
2000	0	2	2	1.96	371608
2000	0	2	3	1.96	372936
2000	0	2	4	1.97	372320
2000	0	3	0	1.92	370192
2000	0	3	1	1.93	372576
2000	0	3	2	1.93	370432
2000	0	3	3	1.93	370040
2000	0	3	4	1.92	373112
2000	0	4	0	1.91	372976
2000	0	4	1	1.90	372932
2000	0	4	2	1.91	372784
2000	0	4	3	1.91	373028
2000	0	4	4	1.90	373492
2000	0	6	0	1.89	372016
2000	0	6	1	1.90	371980
2000	0	6	2	1.88	371468
2000	0	6	3	1.89	371160
2000	0	6	4	1.88	372080
2000	0	8	0	1.88	372276
2000	0	8	1	1.88	372064
2000	0	8	2	1.66	373096
2000	0	8	3	1.88	372740
2000	0	8	4	1.88	371932
2000	0	12	0	1.87	372292
2000	0	12	1	1.86	371836
2000	0	12	2	1.86	372436
2000	0	12	3	1.87	370848
2000	0	12	4	1.89	371544
2000	0	16	0	1.87	372032
2000	0	16	1	1.86	372992
2000	0	16	2	1.85	373332
2000	0	16	3	1.86	372124
2000	0	16	4	1.65	372976
2000	0	24	0	1.85	372508
2000	0	24	1	1.85	371740
2000	0	24	2	1.86	371584
2000	0	24	3	1.86	371936
2000	0	24	4	1.86	371540
2000	0	32	0	1.87	374092
2000	0	32	1	1.87	371964
2000	0	32	2	1.86	371872
2000	0	32	3	1.87	371328
2000	0	32	4	1.86	372732
2000	1	1	0	1.95	371636
2000	1	1	1	1.75	373644
2000	1	1	2	1.97	370828
2000	1	1	3	1.96	371692
2000	1	1	4	2.09	372916
2000	1	2	0	1.95	370848
2000	1	2	1	1.95	372012
2000	1	2	2	1.95	372640
2000	1	2	3	1.95	373412
2000	1	2	4	1.95	372892
2000	1	3	0	1.92	373024
2000	1	3	1	1.92	371860
2000	1	3	2	1.93	372164
2000	1	3	3	1.90	371924
2000	1	3	4	1.93	372208
2000	1	4	0	1.91	372152
2000	1	4	1	1.91	372588
2000	1	4	2	1.91	374452
2000	1	4	3	1.91	373436
2000	1	4	4	1.91	372224
2000	1	6	0	1.88	372652
2000	1	6	1	1.88	372712
2000	1	6	2	1.88	372252
2000	1	6	3	1.88	371568
2000	1	6	4	1.89	372032
2000	1	8	0	1.86	372772
2000	1	8	1	1.88	371700
2000	1	8	2	1.86	372896
2000	1	8	3	1.87	372592
2000	1	8	4	1.88	372872
2000	1	12	0	1.87	369968
2000	1	12	1	1.87	371900
2000	1	12	2	1.86	370492
2000	1	12	3	1.86	371756
2000	1	12	4	1.86	371844
2000	1	16	0	1.68	372960
2000	1	16	1	1.86	372204
2000	1	16	2	1.86	371832
2000	1	16	3	1.86	372420
2000	1	16	4	1.87	372264
2000	1	24	0	1.86	373444
2000	1	24	1	1.87	372500
2000	1	24	2	1.87	373228
2000	1	24	3	1.65	374104
2000	1	24	4	1.86	372972
2000	1	32	0	1.66	373272
2000	1	32	1	1.86	374436
2000	1	32	2	1.88	372592
2000	1	32	3	1.87	373072
2000	1	32	4	1.66	373624
2000	2	1	0	1.98	372912
2000	2	1	1	1.97	371620
2000	2	1	2	1.96	371392
2000	2	1	3	1.96	372880
2000	2	1	4	1.96	371796
2000	2	2	0	1.95	369160
2000	2	2	1	1.95	372764
2000	2	2	2	1.96	373352
2000	2	2	3	1.95	373448
2000	2	2	4	1.95	372964
2000	2	3	0	1.95	371236
2000	2	3	1	1.93	374036
2000	2	3	2	1.91	372080
2000	2	3	3	1.93	370524
2000	2	3	4	1.92	372112
2000	2	4	0	1.92	371504
2000	2	4	1	1.91	372028
2000	2	4	2	1.90	372068
2000	2	4	3	1.91	372536
2000	2	4	4	1.90	371800
2000	2	6	0	1.88	372780
2000	2	6	1	1.88	372020
2000	2	6	2	1.89	371372
2000	2	6	3	1.88	372544
2000	2	6	4	1.90	372848
2000	2	8	0	1.89	373020
2000	2	8	1	1.87	372784
2000	2	8	2	1.87	372220
2000	2	8	3	1.87	372596
2000	2	8	4	1.87	371416
2000	2	12	0	1.87	372124
2000	2	12	1	1.87	372008
2000	2	12	2	1.86	372268
2000	2	12	3	1.86	372968
2000	2	12	4	1.85	372272
2000	2	16	0	1.85	372560
2000	2	16	1	1.85	371480
2000	2	16	2	1.85	373072
2000	2	16	3	1.86	371356
2000	2	16	4	1.86	372672
2000	2	24	0	1.86	373008
2000	2	24	1	1.85	371028
2000	2	24	2	1.86	371804
2000	2	24	3	1.86	372704
2000	2	24	4	1.85	371236
2000	2	32	0	1.87	373020
2000	2	32	1	1.87	373264
2000	2	32	2	1.87	371988
2000	2	32	3	1.66	372312
2000	2	32	4	1.88	371356
2000	3	1	0	1.97	371200
2000	3	1	1	1.97	372348
2000	3	1	2	1.97	372128
2000	3	1	3	1.96	371456
2000	3	1	4	1.97	371484
2000	3	2	0	1.96	372932
2000	3	2	1	1.96	372752
2000	3	2	2	1.96	372076
2000	3	2	3	1.94	372100
2000	3	2	4	1.94	371672
2000	3	3	0	1.93	371488
2000	3	3	1	1.92	371832
2000	3	3	2	1.92	371196
2000	3	3	3	1.93	372024
2000	3	3	4	1.93	372768
2000	3	4	0	1.92	371964
2000	3	4	1	1.89	373308
2000	3	4	2	1.92	372748
2000	3	4	3	1.91	371732
2000	3	4	4	1.90	372792
2000	3	6	0	1.89	372680
2000	3	6	1	1.88	373044
2000	3	6	2	1.89	374008
2000	3	6	3	1.88	372524
2000	3	6	4	1.88	372860
2000	3	8	0	1.89	372844
2000	3	8	1	1.88	372464
2000	3	8	2	1.88	372116
2000	3	8	3	1.88	373092
2000	3	8	4	1.88	371948
2000	3	12	0	1.87	373108
2000	3	12	1	1.85	373100
2000	3	12	2	1.86	372252
2000	3	12	3	1.89	373196
2000	3	12	4	1.86	372776
2000	3	16	0	1.86	371560
2000	3	16	1	1.85	371768
2000	3	16	2	1.86	372600
2000	3	16	3	1.85	371436
2000	3	16	4	1.86	373380
2000	3	24	0	1.85	373624
2000	3	24	1	1.86	372516
2000	3	24	2	1.86	370800
2000	3	24	3	1.86	370196
2000	3	24	4	1.85	373004
2000	3	32	0	1.86	374132
2000	3	32	1	1.86	373004
2000	3	32	2	1.87	374192
2000	3	32	3	1.87	372560
2000	3	32	4	1.86	371420
2000	4	1	0	1.96	371808
2000	4	1	1	1.97	371816
2000	4	1	2	1.97	371648
2000	4	1	3	1.98	372464
2000	4	1	4	1.96	371640
2000	4	2	0	1.95	372104
2000	4	2	1	1.95	370052
2000	4	2	2	1.94	372600
2000	4	2	3	1.95	372940
2000	4	2	4	1.95	374400
2000	4	3	0	1.92	372216
2000	4	3	1	1.97	371776
2000	4	3	2	1.96	370040
2000	4	3	3	1.97	370460
2000	4	3	4	1.96	372528
2000	4	4	0	1.69	373504
2000	4	4	1	1.90	371640
2000	4	4	2	1.90	372248
2000	4	4	3	1.69	372828
2000	4	4	4	1.90	372692
2000	4	6	0	1.89	372192
2000	4	6	1	1.89	372932
2000	4	6	2	1.87	371820
2000	4	6	3	1.87	372772
2000	4	6	4	1.88	370980
2000	4	8	0	1.91	372412
2000	4	8	1	1.88	371896
2000	4	8	2	1.87	371864
2000	4	8	3	1.87	372040
2000	4	8	4	1.88	371528
2000	4	12	0	1.66	372928
2000	4	12	1	1.87	371444
2000	4	12	2	1.65	373492
2000	4	12	3	1.86	372056
2000	4	12	4	1.86	372956
2000	4	16	0	1.86	372512
2000	4	16	1	1.85	369396
2000	4	16	2	1.86	373112
2000	4	16	3	1.85	372924
2000	4	16	4	1.87	372952
2000	4	24	0	1.86	372120
2000	4	24	1	1.86	372388
2000	4	24	2	1.86	372192
2000	4	24	3	1.86	371980
2000	4	24	4	1.85	371312
2000	4	32	0	1.65	372860
2000	4	32	1	1.87	373284
2000	4	32	2	1.86	373060
2000	4	32	3	1.87	372844
2000	4	32	4	1.86	371500
5000	0	1	0	6.12	1169140
5000	0	1	1	5.95	1169284
5000	0	1	2	5.95	1168664
5000	0	1	3	5.95	1169572
5000	0	1	4	5.95	1168336
5000	0	2	0	5.25	1167352
5000	0	2	1	5.39	1168480
5000	0	2	2	5.22	1168100
5000	0	2	3	5.27	1169468
5000	0	2	4	5.14	1169884
5000	0	3	0	5.01	1168772
5000	0	3	1	4.99	1168808
5000	0	3	2	4.96	1170120
5000	0	3	3	5.08	1169752
5000	0	3	4	5.07	1169928
5000	0	4	0	4.79	1169164
5000	0	4	1	4.91	1167344
5000	0	4	2	4.77	1170112
5000	0	4	3	4.80	1169392
5000	0	4	4	4.79	1170040
5000	0	6	0	4.67	1169356
5000	0	6	1	4.74	1169168
5000	0	6	2	4.62	1169172
5000	0	6	3	4.63	1169508
5000	0	6	4	4.64	1168688
5000	0	8	0	4.54	1169484
5000	0	8	1	4.54	1170056
5000	0	8	2	4.54	1168668
5000	0	8	3	4.54	1169080
5000	0	8	4	4.55	1169484
5000	0	12	0	4.45	1170160
5000	0	12	1	4.48	1169272
5000	0	12	2	4.56	1169720
5000	0	12	3	4.56	1168468
5000	0	12	4	4.47	1169736
5000	0	16	0	4.51	1169312
5000	0	16	1	4.51	1168412
5000	0	16	2	4.52	1170120
5000	0	16	3	4.44	1170980
5000	0	16	4	4.52	1169420
5000	0	24	0	4.41	1169156
5000	0	24	1	4.29	1169524
5000	0	24	2	4.50	1169896
5000	0	24	3	4.51	1169088
5000	0	24	4	4.50	1169516
5000	0	32	0	4.51	1168496
5000	0	32	1	4.48	1168748
5000	0	32	2	4.51	1168672
5000	0	32	3	4.40	1169604
5000	0	32	4	4.50	1168364
5000	1	1	0	6.03	1168440
5000	1	1	1	6.05	1168604
5000	1	1	2	5.87	1168672
5000	1	1	3	5.89	1168436
5000	1	1	4	5.88	1169416
5000	1	2	0	5.21	1168344
5000	1	2	1	5.23	1170844
5000	1	2	2	5.23	1168856
5000	1	2	3	5.28	1171184
5000	1	2	4	5.22	1168920
5000	1	3	0	5.03	1169436
5000	1	3	1	4.92	1166956
5000	1	3	2	4.92	1169212
5000	1	3	3	4.93	1168532
5000	1	3	4	4.94	1169992
5000	1	4	0	4.75	1168960
5000	1	4	1	4.77	1169812
5000	1	4	2	4.65	1169608
5000	1	4	3	4.77	1169488
5000	1	4	4	4.79	1169396
5000	1	6	0	4.70	1168692
5000	1	6	1	4.62	1169584
5000	1	6	2	4.62	1169076
5000	1	6	3	4.71	1169848
5000	1	6	4	4.78	1168320
5000	1	8	0	4.52	1169348
5000	1	8	1	4.53	1167756
5000	1	8	2	4.63	1169312
5000	1	8	3	4.62	1169320
5000	1	8	4	4.58	1168456
5000	1	12	0	4.44	1169656
5000	1	12	1	4.46	1170092
5000	1	12	2	4.52	1168476
5000	1	12	3	4.51	1170204
5000	1	12	4	4.52	1170000
5000	1	16	0	4.51	1170108
5000	1	16	1	4.50	1168448
5000	1	16	2	4.52	1168808
5000	1	16	3	4.50	1169076
5000	1	16	4	4.45	1168240
5000	1	24	0	4.49	1168536
5000	1	24	1	4.49	1168352
5000	1	24	2	4.48	1168764
5000	1	24	3	4.39	1169296
5000	1	24	4	4.48	1169624
5000	1	32	0	4.49	1169544
5000	1	32	1	4.49	1169020
5000	1	32	2	4.40	1168388
5000	1	32	3	4.48	1167164
5000	1	32	4	4.48	1167388
5000	2	1	0	6.08	1168276
5000	2	1	1	5.94	1167528
5000	2	1	2	5.92	1168764
5000	2	1	3	5.92	1168312
5000	2	1	4	5.92	1167672
5000	2	2	0	5.23	1170064
5000	2	2	1	5.28	1168588
5000	2	2	2	5.25	1170148
5000	2	2	3	5.21	1169396
5000	2	2	4	5.20	1170468
5000	2	3	0	4.83	1169812
5000	2	3	1	4.93	1170900
5000	2	3	2	4.84	1168588
5000	2	3	3	4.96	1166720
5000	2	3	4	5.07	1169892
5000	2	4	0	4.88	1169880
5000	2	4	1	4.78	1168984
5000	2	4	2	4.67	1169484
5000	2	4	3	4.83	1168656
5000	2	4	4	4.87	1170268
5000	2	6	0	4.60	1169548
5000	2	6	1	4.62	1169436
5000	2	6	2	4.68	1169416
5000	2	6	3	4.72	1169000
5000	2	6	4	4.69	1169608
5000	2	8	0	4.54	1168820
5000	2	8	1	4.62	1168868
5000	2	8	2	4.62	1169808
5000	2	8	3	4.61	1170016
5000	2	8	4	4.54	1168736
5000	2	12	0	4.56	1170128
5000	2	12	1	4.54	1168760
5000	2	12	2	4.55	1169804
5000	2	12	3	4.53	1168708
5000	2	12	4	4.52	1168468
5000	2	16	0	4.29	1170168
5000	2	16	1	4.49	1169404
5000	2	16	2	4.40	1171180
5000	2	16	3	4.51	1170032
5000	2	16	4	4.50	1169436
5000	2	24	0	4.50	1168800
5000	2	24	1	4.54	1169204
5000	2	24	2	4.49	1168952
5000	2	24	3	4.50	1168524
5000	2	24	4	4.39	1169960
5000	2	32	0	4.49	1169532
5000	2	32	1	4.49	1169340
5000	2	32	2	4.49	1168912
5000	2	32	3	4.43	1168848
5000	2	32	4	4.50	1168204
5000	3	1	0	6.17	1169188
5000	3	1	1	6.01	1168708
5000	3	1	2	6.00	1169764
5000	3	1	3	6.04	1168572
5000	3	1	4	6.00	1170092
5000	3	2	0	5.27	1168956
5000	3	2	1	5.29	1169672
5000	3	2	2	5.30	1168992
5000	3	2	3	5.28	1169060
5000	3	2	4	5.41	1168652
5000	3	3	0	4.96	1169532
5000	3	3	1	4.98	1168840
5000	3	3	2	5.11	1169532
5000	3	3	3	4.99	1167420
5000	3	3	4	4.98	1169760
5000	3	4	0	4.94	1169460
5000	3	4	1	5.13	1168240
5000	3	4	2	4.83	1169644
5000	3	4	3	4.81	1169228
5000	3	4	4	4.70	1170560
5000	3	6	0	4.75	1169352
5000	3	6	1	4.68	1169784
5000	3	6	2	4.67	1169340
5000	3	6	3	4.71	1170132
5000	3	6	4	4.71	1169144
5000	3	8	0	4.41	1168460
5000	3	8	1	4.55	1168780
5000	3	8	2	4.65	1168264
5000	3	8	3	4.56	1169564
5000	3	8	4	4.55	1169380
5000	3	12	0	4.45	1170204
5000	3	12	1	4.53	1168692
5000	3	12	2	4.48	1168740
5000	3	12	3	4.34	1168568
5000	3	12	4	4.53	1168236
5000	3	16	0	4.54	1168268
5000	3	16	1	4.48	1168828
5000	3	16	2	4.53	1169548
5000	3	16	3	4.42	1169764
5000	3	16	4	4.41	1170152
5000	3	24	0	4.50	1170244
5000	3	24	1	4.28	1170032
5000	3	24	2	4.62	1170080
5000	3	24	3	4.48	1168540
5000	3	24	4	4.50	1168580
5000	3	32	0	4.28	1169060
5000	3	32	1	4.61	1168808
5000	3	32	2	4.50	1169900
5000	3	32	3	4.51	1168788
5000	3	32	4	4.51	1170092
5000	4	1	0	6.11	1169840
5000	4	1	1	5.95	1168100
5000	4	1	2	5.96	1167192
5000	4	1	3	5.95	1168788
5000	4	1	4	5.95	1169268
5000	4	2	0	5.28	1168164
5000	4	2	1	5.41	1167900
5000	4	2	2	5.28	1168512
5000	4	2	3	5.18	1169792
5000	4	2	4	5.29	1168964
5000	4	3	0	5.09	1170468
5000	4	3	1	4.98	1168128
5000	4	3	2	5.07	1170072
5000	4	3	3	4.96	1169036
5000	4	3	4	5.03	1168748
5000	4	4	0	4.77	1169312
5000	4	4	1	4.87	1169916
5000	4	4	2	4.89	1168928
5000	4	4	3	4.95	1168020
5000	4	4	4	4.79	1168936
5000	4	6	0	4.71	1169128
5000	4	6	1	4.64	1168472
5000	4	6	2	4.63	1169420
5000	4	6	3	4.52	1170432
5000	4	6	4	4.62	1170028
5000	4	8	0	4.54	1169884
5000	4	8	1	4.54	1170140
5000	4	8	2	4.65	1169140
5000	4	8	3	4.54	1169532
5000	4	8	4	4.54	1168588
5000	4	12	0	4.55	1169052
5000	4	12	1	4.53	1169348
5000	4	12	2	4.53	1168596
5000	4	12	3	4.54	1170928
5000	4	12	4	4.57	1169336
5000	4	16	0	4.51	1168424
5000	4	16	1	4.52	1168208
5000	4	16	2	4.52	1169400
5000	4	16	3	4.52	1169500
5000	4	16	4	4.49	1168452
5000	4	24	0	4.49	1168856
5000	4	24	1	4.51	1169668
5000	4	24	2	4.49	1167592
5000	4	24	3	4.50	1168492
5000	4	24	4	4.59	1169012
5000	4	32	0	4.48	1166312
5000	4	32	1	4.50	1168292
5000	4	32	2	4.49	1169472
5000	4	32	3	4.40	1170116
5000	4	32	4	4.48	1169856
10000	0	1	0	23.21	4079764
10000	0	1	1	23.02	4080320
10000	0	1	2	23.14	4079956
10000	0	1	3	23.03	4080120
10000	0	1	4	23.04	4078436
10000	0	2	0	17.82	4081144
10000	0	2	1	17.91	4079624
10000	0	2	2	17.85	4080544
10000	0	2	3	18.01	4080664
10000	0	2	4	18.03	4080932
10000	0	3	0	15.97	4080360
10000	0	3	1	15.93	4080504
10000	0	3	2	15.93	4079888
10000	0	3	3	15.93	4081208
10000	0	3	4	16.06	4078864
10000	0	4	0	14.88	4079500
10000	0	4	1	14.88	4078948
10000	0	4	2	14.88	4078984
10000	0	4	3	14.86	4080332
10000	0	4	4	14.87	4079672
10000	0	6	0	13.83	4080416
10000	0	6	1	13.85	4081068
10000	0	6	2	13.85	4080952
10000	0	6	3	13.88	4079184
10000	0	6	4	14.01	4079088
10000	0	8	0	13.43	4081660
10000	0	8	1	13.57	4079616
10000	0	8	2	13.56	4079744
10000	0	8	3	13.46	4079592
10000	0	8	4	13.38	4079848
10000	0	12	0	12.91	4081748
10000	0	12	1	13.19	4081200
10000	0	12	2	13.09	4079476
10000	0	12	3	13.12	4079608
10000	0	12	4	12.99	4081396
10000	0	16	0	12.81	4079812
10000	0	16	1	12.78	4080624
10000	0	16	2	12.81	4079956
10000	0	16	3	12.78	4080512
10000	0	16	4	12.84	4081052
10000	0	24	0	12.70	4078604
10000	0	24	1	12.75	4078928
10000	0	24	2	13.06	4080368
10000	0	24	3	12.73	4081376
10000	0	24	4	12.76	4077404
10000	0	32	0	12.75	4078800
10000	0	32	1	12.74	4079468
10000	0	32	2	12.79	4081456
10000	0	32	3	12.87	4080852
10000	0	32	4	12.79	4080160
10000	1	1	0	23.24	4079772
10000	1	1	1	23.92	4080080
10000	1	1	2	23.06	4079544
10000	1	1	3	23.07	4080412
10000	1	1	4	23.04	4079464
10000	1	2	0	18.20	4080424
10000	1	2	1	17.80	4079848
10000	1	2	2	17.95	4079756
10000	1	2	3	17.80	4080788
10000	1	2	4	18.04	4080188
10000	1	3	0	16.05	4080368
10000	1	3	1	16.10	4080692
10000	1	3	2	15.96	4080720
10000	1	3	3	15.88	4079948
10000	1	3	4	15.90	4081944
10000	1	4	0	14.89	4079636
10000	1	4	1	14.93	4078572
10000	1	4	2	14.99	4079844
10000	1	4	3	14.86	4079864
10000	1	4	4	14.93	4078488
10000	1	6	0	14.05	4079700
10000	1	6	1	13.93	4077196
10000	1	6	2	14.07	4078996
10000	1	6	3	13.87	4078284
10000	1	6	4	13.88	4081120
10000	1	8	0	13.54	4081256
10000	1	8	1	13.42	4079840
10000	1	8	2	13.56	4081356
10000	1	8	3	13.45	4077348
10000	1	8	4	13.55	4078976
10000	1	12	0	12.97	4078960
10000	1	12	1	13.09	4081108
10000	1	12	2	12.93	4080072
10000	1	12	3	12.90	4080016
10000	1	12	4	13.16	4080132
10000	1	16	0	12.98	4081224
10000	1	16	1	12.96	4081012
10000	1	16	2	12.74	4079396
10000	1	16	3	12.96	4078884
10000	1	16	4	12.84	4081200
10000	1	24	0	12.90	4079992
10000	1	24	1	12.72	4080044
10000	1	24	2	12.75	4078048
10000	1	24	3	12.78	4079840
10000	1	24	4	12.93	4078896
10000	1	32	0	12.74	4080256
10000	1	32	1	13.26	4079700
10000	1	32	2	13.02	4079332
10000	1	32	3	12.80	4082656
10000	1	32	4	12.81	4080048
10000	2	1	0	23.68	4079624
10000	2	1	1	23.57	4079852
10000	2	1	2	23.47	4079216
10000	2	1	3	23.48	4081380
10000	2	1	4	23.45	4080804
10000	2	2	0	18.11	4081068
10000	2	2	1	18.28	4079872
10000	2	2	2	18.58	4078844
10000	2	2	3	18.04	4079452
10000	2	2	4	18.16	4079948
10000	2	3	0	16.29	4079096
10000	2	3	1	16.11	4080460
10000	2	3	2	16.06	4081364
10000	2	3	3	16.11	4078444
10000	2	3	4	16.08	4079520
10000	2	4	0	15.17	4080476
10000	2	4	1	15.16	4080512
10000	2	4	2	15.04	4080500
10000	2	4	3	15.00	4078280
10000	2	4	4	15.27	4080700
10000	2	6	0	13.97	4079108
10000	2	6	1	13.98	4081152
10000	2	6	2	14.18	4080176
10000	2	6	3	14.12	4081140
10000	2	6	4	14.02	4079648
10000	2	8	0	13.47	4080076
10000	2	8	1	13.46	4080164
10000	2	8	2	13.44	4078212
10000	2	8	3	13.46	4079840
10000	2	8	4	13.49	4078220
10000	2	12	0	12.97	4079124
10000	2	12	1	12.99	4080884
10000	2	12	2	13.16	4079912
10000	2	12	3	13.17	4081924
10000	2	12	4	13.05	4080132
10000	2	16	0	12.95	4080208
10000	2	16	1	12.84	4078860
10000	2	16	2	12.86	4080260
10000	2	16	3	13.03	4078456
10000	2	16	4	12.84	4080072
10000	2	24	0	12.80	4080236
10000	2	24	1	12.79	4081140
10000	2	24	2	12.97	4079724
10000	2	24	3	12.79	4079556
10000	2	24	4	12.85	4080552
10000	2	32	0	12.86	4080300
10000	2	32	1	12.86	4078688
10000	2	32	2	12.81	4079060
10000	2	32	3	12.83	4078620
10000	2	32	4	12.83	4079784
10000	3	1	0	23.73	4079404
10000	3	1	1	23.51	4080544
10000	3	1	2	23.47	4079380
10000	3	1	3	23.52	4081116
10000	3	1	4	23.46	4079916
10000	3	2	0	18.13	4077452
10000	3	2	1	18.13	4081236
10000	3	2	2	18.11	4079676
10000	3	2	3	18.31	4079924
10000	3	2	4	18.08	4080468
10000	3	3	0	16.31	4080492
10000	3	3	1	16.08	4079376
10000	3	3	2	16.06	4078160
10000	3	3	3	16.22	4081084
10000	3	3	4	16.06	4081784
10000	3	4	0	14.99	4079212
10000	3	4	1	15.26	4081328
10000	3	4	2	15.05	4080388
10000	3	4	3	15.02	4081104
10000	3	4	4	15.00	4079004
10000	3	6	0	14.20	4078980
10000	3	6	1	13.98	4080060
10000	3	6	2	14.44	4079164
10000	3	6	3	13.96	4080288
10000	3	6	4	14.13	4080500
10000	3	8	0	13.41	4079980
10000	3	8	1	13.43	4078708
10000	3	8	2	13.44	4078324
10000	3	8	3	13.44	4080416
10000	3	8	4	13.50	4079652
10000	3	12	0	12.97	4079012
10000	3	12	1	12.98	4080972
10000	3	12	2	13.10	4079724
10000	3	12	3	13.15	4080136
10000	3	12	4	12.98	4081148
10000	3	16	0	12.81	4080300
10000	3	16	1	12.85	4079816
10000	3	16	2	12.79	4080560
10000	3	16	3	12.80	4081488
10000	3	16	4	12.84	4081128
10000	3	24	0	12.74	4078968
10000	3	24	1	12.78	4079428
10000	3	24	2	12.96	4081360
10000	3	24	3	12.79	4081420
10000	3	24	4	12.77	4079596
10000	3	32	0	12.79	4080916
10000	3	32	1	12.84	4078916
10000	3	32	2	12.81	4080300
10000	3	32	3	12.83	4078920
10000	3	32	4	12.79	4081316
10000	4	1	0	23.63	4079768
10000	4	1	1	23.34	4080676
10000	4	1	2	23.65	4079616
10000	4	1	3	23.42	4080120
10000	4	1	4	23.38	4078228
10000	4	2	0	18.10	4079172
10000	4	2	1	18.06	4080072
10000	4	2	2	18.11	4080084
10000	4	2	3	18.02	4080484
10000	4	2	4	18.09	4080516
10000	4	3	0	16.20	4080308
10000	4	3	1	16.20	4079268
10000	4	3	2	16.06	4080120
10000	4	3	3	16.08	4078068
10000	4	3	4	16.04	4080840
10000	4	4	0	15.02	4078492
10000	4	4	1	15.43	4079940
10000	4	4	2	14.96	4080432
10000	4	4	3	14.99	4079720
10000	4	4	4	15.01	4080124
10000	4	6	0	14.14	4077296
10000	4	6	1	14.14	4079032
10000	4	6	2	14.11	4078356
10000	4	6	3	13.98	4079304
10000	4	6	4	13.94	4077076
10000	4	8	0	13.57	4082176
10000	4	8	1	13.58	4079620
10000	4	8	2	13.44	4080916
10000	4	8	3	13.42	4080544
10000	4	8	4	13.46	4078568
10000	4	12	0	12.98	4078836
10000	4	12	1	12.98	4079132
10000	4	12	2	12.94	4079476
10000	4	12	3	12.98	4080264
10000	4	12	4	13.15	4081148
10000	4	16	0	12.84	4080924
10000	4	16	1	12.82	4079316
10000	4	16	2	12.86	4078836
10000	4	16	3	12.82	4079380
10000	4	16	4	12.81	4080272
10000	4	24	0	12.78	4079804
10000	4	24	1	12.78	4079592
10000	4	24	2	12.75	4080296
10000	4	24	3	12.83	4080624
10000	4	24	4	12.82	4078984
10000	4	32	0	12.83	4081540
10000	4	32	1	12.79	4080108
10000	4	32	2	12.85	4079484
10000	4	32	3	12.90	4081104
10000	4	32	4	12.78	4081416
20000	0	1	0	109.44	15803152
20000	0	1	1	108.93	15804204
20000	0	1	2	109.07	15803708
20000	0	1	3	109.17	15803324
20000	0	1	4	108.81	15801736
20000	0	2	0	78.33	15801056
20000	0	2	1	77.32	15804276
20000	0	2	2	77.17	15805168
20000	0	2	3	77.00	15804092
20000	0	2	4	77.42	15803120
20000	0	3	0	65.61	15804308
20000	0	3	1	65.68	15803940
20000	0	3	2	65.72	15802024
20000	0	3	3	65.93	15803592
20000	0	3	4	65.64	15803028
20000	0	4	0	60.29	15801864
20000	0	4	1	59.96	15803128
20000	0	4	2	60.51	15803552
20000	0	4	3	59.78	15804272
20000	0	4	4	60.62	15803244
20000	0	6	0	54.30	15804496
20000	0	6	1	54.41	15803616
20000	0	6	2	54.27	15803636
20000	0	6	3	54.38	15804428
20000	0	6	4	54.34	15804344
20000	0	8	0	51.69	15804792
20000	0	8	1	51.84	15801972
20000	0	8	2	51.53	15804872
20000	0	8	3	51.69	15804104
20000	0	8	4	51.44	15802384
20000	0	12	0	49.30	15803956
20000	0	12	1	49.32	15804348
20000	0	12	2	49.08	15803336
20000	0	12	3	49.19	15802108
20000	0	12	4	49.15	15802316
20000	0	16	0	48.47	15803052
20000	0	16	1	48.39	15804400
20000	0	16	2	48.28	15804520
20000	0	16	3	48.35	15804736
20000	0	16	4	48.28	15804988
20000	0	24	0	48.79	15803988
20000	0	24	1	47.90	15802428
20000	0	24	2	48.05	15803812
20000	0	24	3	47.94	15803264
20000	0	24	4	47.93	15802420
20000	0	32	0	49.36	15803860
20000	0	32	1	48.16	15803188
20000	0	32	2	48.30	15805256
20000	0	32	3	48.28	15804968
20000	0	32	4	48.38	15803888
20000	1	1	0	106.62	15801692
20000	1	1	1	106.79	15801600
20000	1	1	2	106.68	15802500
20000	1	1	3	106.71	15803036
20000	1	1	4	106.83	15802724
20000	1	2	0	75.71	15803340
20000	1	2	1	75.76	15804756
20000	1	2	2	75.51	15805064
20000	1	2	3	75.60	15801316
20000	1	2	4	75.78	15804724
20000	1	3	0	64.84	15803384
20000	1	3	1	65.16	15804372
20000	1	3	2	64.89	15804284
20000	1	3	3	64.97	15803584
20000	1	3	4	64.79	15803184
20000	1	4	0	59.27	15803784
20000	1	4	1	59.24	15804580
20000	1	4	2	59.35	15805508
20000	1	4	3	59.34	15802632
20000	1	4	4	59.20	15803544
20000	1	6	0	53.77	15804044
20000	1	6	1	53.89	15805344
20000	1	6	2	53.65	15803684
20000	1	6	3	53.65	15802636
20000	1	6	4	53.74	15804984
20000	1	8	0	51.37	15805424
20000	1	8	1	51.28	15804384
20000	1	8	2	51.12	15802828
20000	1	8	3	51.01	15803616
20000	1	8	4	51.11	15803336
20000	1	12	0	48.85	15803564
20000	1	12	1	48.90	15802784
20000	1	12	2	48.77	15803008
20000	1	12	3	48.85	15803252
20000	1	12	4	48.68	15801448
20000	1	16	0	48.37	15803784
20000	1	16	1	48.18	15802432
20000	1	16	2	48.07	15803300
20000	1	16	3	48.03	15804172
20000	1	16	4	48.29	15803888
20000	1	24	0	47.70	15802556
20000	1	24	1	47.75	15804120
20000	1	24	2	47.75	15804644
20000	1	24	3	47.78	15805956
20000	1	24	4	47.67	15804180
20000	1	32	0	47.87	15803612
20000	1	32	1	48.05	15803812
20000	1	32	2	48.10	15804192
20000	1	32	3	48.00	15804888
20000	1	32	4	47.83	15804896
20000	2	1	0	110.83	15803932
20000	2	1	1	110.62	15802892
20000	2	1	2	110.55	15804440
20000	2	1	3	110.31	15803572
20000	2	1	4	110.82	15803156
20000	2	2	0	78.09	15803332
20000	2	2	1	77.91	15804072
20000	2	2	2	78.05	15803292
20000	2	2	3	78.11	15802404
20000	2	2	4	77.95	15802652
20000	2	3	0	66.23	15804104
20000	2	3	1	66.14	15803772
20000	2	3	2	66.16	15803884
20000	2	3	3	66.35	15804188
20000	2	3	4	66.36	15802232
20000	2	4	0	60.47	15803172
20000	2	4	1	60.32	15802976
20000	2	4	2	60.48	15802908
20000	2	4	3	60.69	15803764
20000	2	4	4	60.45	15801704
20000	2	6	0	54.56	15802536
20000	2	6	1	54.76	15803700
20000	2	6	2	54.70	15802288
20000	2	6	3	54.74	15804128
20000	2	6	4	54.75	15803804
20000	2	8	0	51.88	15804468
20000	2	8	1	52.00	15804720
20000	2	8	2	51.94	15804956
20000	2	8	3	52.07	15804404
20000	2	8	4	51.94	15802560
20000	2	12	0	49.47	15802420
20000	2	12	1	49.43	15803920
20000	2	12	2	49.52	15802668
20000	2	12	3	49.60	15804208
20000	2	12	4	49.36	15804380
20000	2	16	0	48.68	15804356
20000	2	16	1	48.46	15804256
20000	2	16	2	48.61	15804616
20000	2	16	3	49.64	15801292
20000	2	16	4	48.72	15804772
20000	2	24	0	48.32	15802788
20000	2	24	1	48.34	15801164
20000	2	24	2	48.27	15803404
20000	2	24	3	48.16	15803412
20000	2	24	4	48.27	15804400
20000	2	32	0	48.41	15805932
20000	2	32	1	48.36	15804648
20000	2	32	2	48.58	15802816
20000	2	32	3	49.80	15804016
20000	2	32	4	48.57	15803368
20000	3	1	0	110.56	15803420
20000	3	1	1	110.05	15802892
20000	3	1	2	110.05	15802744
20000	3	1	3	110.68	15801724
20000	3	1	4	110.29	15803416
20000	3	2	0	77.16	15804536
20000	3	2	1	77.19	15802964
20000	3	2	2	77.09	15803532
20000	3	2	3	77.32	15804648
20000	3	2	4	77.44	15803116
20000	3	3	0	66.12	15804184
20000	3	3	1	66.06	15804072
20000	3	3	2	65.94	15803280
20000	3	3	3	65.89	15803676
20000	3	3	4	66.06	15804412
20000	3	4	0	60.47	15801496
20000	3	4	1	60.16	15802568
20000	3	4	2	59.96	15801296
20000	3	4	3	60.10	15804340
20000	3	4	4	60.09	15803756
20000	3	6	0	54.52	15804184
20000	3	6	1	54.50	15804364
20000	3	6	2	54.53	15803988
20000	3	6	3	54.37	15803352
20000	3	6	4	54.71	15803496
20000	3	8	0	51.51	15803480
20000	3	8	1	51.57	15803808
20000	3	8	2	51.58	15801788
20000	3	8	3	51.68	15804500
20000	3	8	4	51.90	15806060
20000	3	12	0	49.31	15801276
20000	3	12	1	49.33	15803052
20000	3	12	2	49.31	15804092
20000	3	12	3	49.25	15804892
20000	3	12	4	49.29	15802608
20000	3	16	0	48.42	15803404
20000	3	16	1	48.26	15804772
20000	3	16	2	48.20	15802208
20000	3	16	3	48.14	15804892
20000	3	16	4	48.64	15805208
20000	3	24	0	47.99	15803148
20000	3	24	1	48.00	15802840
20000	3	24	2	47.95	15803512
20000	3	24	3	48.02	15803560
20000	3	24	4	48.03	15803076
20000	3	32	0	48.21	15804656
20000	3	32	1	48.01	15804816
20000	3	32	2	49.18	15803432
20000	3	32	3	48.18	15802780
20000	3	32	4	48.02	15801164
20000	4	1	0	111.81	15803832
20000	4	1	1	111.80	15803260
20000	4	1	2	111.68	15802160
20000	4	1	3	111.96	15803308
20000	4	1	4	111.98	15803728
20000	4	2	0	79.49	15804660
20000	4	2	1	78.47	15804104
20000	4	2	2	78.40	15801840
20000	4	2	3	78.33	15804536
20000	4	2	4	78.50	15804800
20000	4	3	0	66.87	15802176
20000	4	3	1	66.77	15803528
20000	4	3	2	66.62	15803220
20000	4	3	3	66.99	15803920
20000	4	3	4	66.69	15803692
20000	4	4	0	61.38	15802852
20000	4	4	1	61.32	15801624
20000	4	4	2	60.88	15803152
20000	4	4	3	60.95	15802272
20000	4	4	4	60.78	15803108
20000	4	6	0	54.96	15802060
20000	4	6	1	55.13	15802988
20000	4	6	2	54.88	15804260
20000	4	6	3	54.83	15805892
20000	4	6	4	55.18	15803604
20000	4	8	0	52.19	15803212
20000	4	8	1	52.72	15803912
20000	4	8	2	52.16	15805140
20000	4	8	3	52.23	15803328
20000	4	8	4	52.27	15805260
20000	4	12	0	49.86	15803220
20000	4	12	1	49.66	15803820
20000	4	12	2	49.53	15804224
20000	4	12	3	49.67	15801604
20000	4	12	4	49.77	15803512
20000	4	16	0	48.74	15804144
20000	4	16	1	48.82	15804776
20000	4	16	2	50.66	15803008
20000	4	16	3	48.76	15804400
20000	4	16	4	48.78	15804844
20000	4	24	0	48.23	15804448
20000	4	24	1	48.21	15803364
20000	4	24	2	48.48	15803900
20000	4	24	3	48.29	15804464
20000	4	24	4	48.31	15804232
20000	4	32	0	48.25	15804048
20000	4	32	1	51.46	15804744
20000	4	32	2	48.36	15803804
20000	4	32	3	49.52	15802996
20000	4	32	4	48.31	15805216
50000	0	1	0	892.75	97844696
50000	0	1	1	892.99	97843608
50000	0	1	2	892.34	97844852
50000	0	1	3	894.09	97840228
50000	0	1	4	889.39	97842552
50000	0	2	0	579.72	97844188
50000	0	2	1	587.18	97842508
50000	0	2	2	581.66	97845072
50000	0	2	3	581.52	97844480
50000	0	2	4	581.40	97844500
50000	0	3	0	476.30	97843556
50000	0	3	1	477.94	97844444
50000	0	3	2	476.72	97843224
50000	0	3	3	478.25	97842248
50000	0	3	4	479.14	97842780
50000	0	4	0	427.39	97843592
50000	0	4	1	427.11	97844704
50000	0	4	2	425.97	97843992
50000	0	4	3	427.29	97843308
50000	0	4	4	425.63	97842748
50000	0	6	0	376.64	97846108
50000	0	6	1	376.34	97844676
50000	0	6	2	375.68	97845196
50000	0	6	3	376.44	97845164
50000	0	6	4	376.52	97844356
50000	0	8	0	351.11	97842800
50000	0	8	1	351.17	97844692
50000	0	8	2	352.15	97844548
50000	0	8	3	352.50	97844120
50000	0	8	4	351.21	97845168
50000	0	12	0	330.99	97844816
50000	0	12	1	329.56	97844500
50000	0	12	2	330.96	97843812
50000	0	12	3	329.83	97844680
50000	0	12	4	330.64	97843696
50000	0	16	0	322.41	97845664
50000	0	16	1	321.80	97845664
50000	0	16	2	322.61	97844720
50000	0	16	3	323.37	97844964
50000	0	16	4	321.24	97843412
50000	0	24	0	324.80	97844768
50000	0	24	1	318.50	97844872
50000	0	24	2	317.64	97844492
50000	0	24	3	330.36	97845124
50000	0	24	4	318.54	97843584
50000	0	32	0	317.58	97845548
50000	0	32	1	317.48	97845688
50000	0	32	2	317.43	97844664
50000	0	32	3	317.29	97844744
50000	0	32	4	319.79	97843852
50000	1	1	0	890.06	97844516
50000	1	1	1	890.08	97844264
50000	1	1	2	889.06	97845928
50000	1	1	3	887.11	97843908
50000	1	1	4	888.97	97844736
50000	1	2	0	579.11	97844364
50000	1	2	1	580.32	97843868
50000	1	2	2	579.71	97844316
50000	1	2	3	578.54	97844296
50000	1	2	4	577.68	97842516
50000	1	3	0	477.08	97843004
50000	1	3	1	476.50	97841516
50000	1	3	2	475.56	97843372
50000	1	3	3	476.70	97843264
50000	1	3	4	475.36	97844332
50000	1	4	0	424.63	97843340
50000	1	4	1	424.71	97843884
50000	1	4	2	425.56	97842284
50000	1	4	3	424.18	97844020
50000	1	4	4	423.64	97843764
50000	1	6	0	374.60	97844032
50000	1	6	1	375.36	97842956
50000	1	6	2	376.36	97843636
50000	1	6	3	374.24	97844396
50000	1	6	4	373.86	97841644
50000	1	8	0	351.80	97844172
50000	1	8	1	350.31	97843404
50000	1	8	2	351.31	97841888
50000	1	8	3	351.90	97844608
50000	1	8	4	350.98	97843556
50000	1	12	0	330.17	97844512
50000	1	12	1	328.89	97842796
50000	1	12	2	330.13	97843608
50000	1	12	3	328.97	97843440
50000	1	12	4	328.52	97844856
50000	1	16	0	322.46	97845944
50000	1	16	1	322.21	97843796
50000	1	16	2	322.61	97843300
50000	1	16	3	321.38	97843500
50000	1	16	4	322.99	97842660
50000	1	24	0	317.22	97843428
50000	1	24	1	317.54	97845620
50000	1	24	2	319.08	97843692
50000	1	24	3	318.87	97844152
50000	1	24	4	321.52	97844180
50000	1	32	0	317.90	97845164
50000	1	32	1	318.10	97846424
50000	1	32	2	318.97	97843896
50000	1	32	3	318.59	97845424
50000	1	32	4	317.72	97845032
50000	2	1	0	903.89	97844432
50000	2	1	1	903.83	97845232
50000	2	1	2	901.48	97842412
50000	2	1	3	905.42	97843432
50000	2	1	4	903.70	97842856
50000	2	2	0	587.99	97843160
50000	2	2	1	587.01	97843592
50000	2	2	2	588.26	97844112
50000	2	2	3	586.80	97844032
50000	2	2	4	585.24	97845208
50000	2	3	0	482.26	97844220
50000	2	3	1	480.42	97843052
50000	2	3	2	487.22	97843216
50000	2	3	3	482.59	97845868
50000	2	3	4	479.95	97842512
50000	2	4	0	428.88	97845800
50000	2	4	1	429.11	97843676
50000	2	4	2	427.96	97842964
50000	2	4	3	430.26	97843588
50000	2	4	4	428.34	97843608
50000	2	6	0	379.02	97842008
50000	2	6	1	377.75	97841312
50000	2	6	2	379.08	97844348
50000	2	6	3	377.33	97842340
50000	2	6	4	379.31	97843436
50000	2	8	0	353.72	97843724
50000	2	8	1	353.27	97844204
50000	2	8	2	355.18	97843120
50000	2	8	3	355.31	97843740
50000	2	8	4	354.45	97844364
50000	2	12	0	332.93	97844684
50000	2	12	1	333.23	97844032
50000	2	12	2	331.68	97843636
50000	2	12	3	332.97	97842632
50000	2	12	4	331.41	97843344
50000	2	16	0	324.73	97844524
50000	2	16	1	323.69	97845084
50000	2	16	2	325.72	97843880
50000	2	16	3	326.25	97844432
50000	2	16	4	324.02	97842904
50000	2	24	0	320.31	97843336
50000	2	24	1	321.24	97843352
50000	2	24	2	320.06	97844700
50000	2	24	3	319.98	97844240
50000	2	24	4	322.88	97841308
50000	2	32	0	321.51	97842456
50000	2	32	1	319.35	97845008
50000	2	32	2	322.32	97845548
50000	2	32	3	320.08	97844364
50000	2	32	4	319.87	97843816
50000	3	1	0	899.32	97843372
50000	3	1	1	900.10	97843252
50000	3	1	2	897.61	97843404
50000	3	1	3	900.46	97844276
50000	3	1	4	899.07	97842372
50000	3	2	0	583.78	97842708
50000	3	2	1	580.32	97844708
50000	3	2	2	580.93	97845184
50000	3	2	3	582.84	97844380
50000	3	2	4	582.10	97842756
50000	3	3	0	477.34	97844660
50000	3	3	1	478.87	97842908
50000	3	3	2	477.33	97843256
50000	3	3	3	479.93	97844008
50000	3	3	4	479.96	97843364
50000	3	4	0	427.80	97844100
50000	3	4	1	428.25	97843992
50000	3	4	2	427.92	97843604
50000	3	4	3	426.38	97843304
50000	3	4	4	427.74	97843016
50000	3	6	0	386.36	97841896
50000	3	6	1	377.70	97845060
50000	3	6	2	376.38	97844020
50000	3	6	3	378.11	97844052
50000	3	6	4	375.48	97843644
50000	3	8	0	351.10	97843768
50000	3	8	1	351.42	97844684
50000	3	8	2	353.54	97843248
50000	3	8	3	352.58	97844624
50000	3	8	4	353.82	97843800
50000	3	12	0	331.36	97843748
50000	3	12	1	331.56	97843832
50000	3	12	2	331.39	97844120
50000	3	12	3	330.32	97842952
50000	3	12	4	331.38	97843768
50000	3	16	0	330.15	97844708
50000	3	16	1	323.78	97843212
50000	3	16	2	321.70	97843140
50000	3	16	3	322.27	97842392
50000	3	16	4	323.79	97844104
50000	3	24	0	319.56	97845108
50000	3	24	1	318.21	97844896
50000	3	24	2	317.91	97843864
50000	3	24	3	319.14	97843820
50000	3	24	4	319.42	97844776
50000	3	32	0	319.55	97845608
50000	3	32	1	318.41	97843136
50000	3	32	2	319.18	97843964
50000	3	32	3	318.07	97844272
50000	3	32	4	321.06	97844732
50000	4	1	0	913.10	97844664
50000	4	1	1	912.56	97844288
50000	4	1	2	914.91	97844296
50000	4	1	3	910.49	97843100
50000	4	1	4	914.45	97843772
50000	4	2	0	591.95	97842888
50000	4	2	1	590.92	97844548
50000	4	2	2	589.74	97843312
50000	4	2	3	591.09	97844988
50000	4	2	4	590.11	97845336
50000	4	3	0	490.60	97843608
50000	4	3	1	486.14	97844524
50000	4	3	2	483.74	97844340
50000	4	3	3	490.22	97844920
50000	4	3	4	485.31	97842912
50000	4	4	0	431.46	97843768
50000	4	4	1	432.25	97843232
50000	4	4	2	432.56	97843248
50000	4	4	3	432.26	97844416
50000	4	4	4	432.71	97843660
50000	4	6	0	380.82	97844344
50000	4	6	1	381.84	97843316
50000	4	6	2	383.09	97844228
50000	4	6	3	380.94	97843116
50000	4	6	4	381.01	97843768
50000	4	8	0	357.30	97844820
50000	4	8	1	356.85	97844236
50000	4	8	2	355.45	97844052
50000	4	8	3	357.55	97843620
50000	4	8	4	357.05	97842240
50000	4	12	0	333.76	97842948
50000	4	12	1	333.61	97843908
50000	4	12	2	335.30	97844160
50000	4	12	3	335.05	97842440
50000	4	12	4	340.13	97843632
50000	4	16	0	327.57	97844440
50000	4	16	1	332.06	97842188
50000	4	16	2	325.91	97843056
50000	4	16	3	327.26	97844864
50000	4	16	4	327.65	97843560
50000	4	24	0	322.09	97845148
50000	4	24	1	323.48	97844384
50000	4	24	2	321.13	97845564
50000	4	24	3	325.71	97843876
50000	4	24	4	321.30	97845584
50000	4	32	0	328.23	97843432
50000	4	32	1	322.32	97843412
50000	4	32	2	323.28	97843180
50000	4	32	3	323.00	97844856
50000	4	32	4	321.20	97844452
100000	0	1	0	5131.64	390348184
100000	0	1	1	3522.95	390783352
100000	0	1	2	3464.37	390825972
100000	0	1	3	3459.35	390824716
100000	0	1	4	3463.70	390825956
100000	0	2	0	1911.27	390826160
100000	0	2	1	1909.37	390826200
100000	0	2	2	1905.58	390826192
100000	0	2	3	1909.16	390826264
100000	0	2	4	1917.07	390825868
100000	0	3	0	1407.27	390826364
100000	0	3	1	1413.05	390825960
100000	0	3	2	1404.45	390827116
100000	0	3	3	1405.28	390826204
100000	0	3	4	1412.57	390827084
100000	0	4	0	1161.90	390826948
100000	0	4	1	1163.15	390824896
100000	0	4	2	1157.46	390825988
100000	0	4	3	1156.82	390826764
100000	0	4	4	1164.73	390826476
100000	0	6	0	919.46	390827328
100000	0	6	1	918.96	390826608
100000	0	6	2	919.70	390827164
100000	0	6	3	919.04	390826828
100000	0	6	4	918.62	390826500
100000	0	8	0	803.78	390827052
100000	0	8	1	802.64	390826304
100000	0	8	2	803.49	390826732
100000	0	8	3	803.34	390825468
100000	0	8	4	796.07	390826008
100000	0	12	0	700.24	390825280
100000	0	12	1	693.37	390826864
100000	0	12	2	691.49	390825952
100000	0	12	3	692.65	390827556
100000	0	12	4	699.83	390827188
100000	0	16	0	660.75	390825956
100000	0	16	1	651.18	390826892
100000	0	16	2	654.18	390826712
100000	0	16	3	651.64	390827016
100000	0	16	4	652.90	390826132
100000	0	24	0	640.64	390826628
100000	0	24	1	632.13	390827888
100000	0	24	2	630.05	390826312
100000	0	24	3	641.54	390825320
100000	0	24	4	633.29	390825780
100000	0	32	0	643.21	390827268
100000	0	32	1	641.99	390825092
100000	0	32	2	643.41	390825644
100000	0	32	3	645.36	390826084
100000	0	32	4	638.13	390826324
100000	1	1	0	3628.44	390710652
100000	1	1	1	3454.29	390815412
100000	1	1	2	3427.26	390822624
100000	1	1	3	3408.53	390825684
100000	1	1	4	3409.05	390824728
100000	1	2	0	1879.79	390826416
100000	1	2	1	1878.10	390827568
100000	1	2	2	1889.26	390826716
100000	1	2	3	1884.08	390827400
100000	1	2	4	1882.36	390826900
100000	1	3	0	1384.74	390826912
100000	1	3	1	1385.09	390826760
100000	1	3	2	1395.29	390826224
100000	1	3	3	1388.34	390826932
100000	1	3	4	1388.86	390826036
100000	1	4	0	1149.14	390826780
100000	1	4	1	1151.16	390827096
100000	1	4	2	1144.06	390827580
100000	1	4	3	1148.81	390827472
100000	1	4	4	1139.99	390826164
100000	1	6	0	909.56	390825968
100000	1	6	1	910.44	390826072
100000	1	6	2	905.21	390827668
100000	1	6	3	904.42	390826792
100000	1	6	4	905.13	390826436
100000	1	8	0	796.92	390826748
100000	1	8	1	794.91	390825896
100000	1	8	2	796.27	390826744
100000	1	8	3	786.55	390826212
100000	1	8	4	790.56	390826180
100000	1	12	0	694.87	390826732
100000	1	12	1	694.73	390825688
100000	1	12	2	695.10	390826532
100000	1	12	3	684.69	390827136
100000	1	12	4	686.19	390825772
100000	1	16	0	650.31	390828080
100000	1	16	1	650.07	390827020
100000	1	16	2	655.53	390826400
100000	1	16	3	656.78	390826044
100000	1	16	4	650.99	390824356
100000	1	24	0	635.00	390825788
100000	1	24	1	635.27	390826372
100000	1	24	2	629.55	390827084
100000	1	24	3	625.37	390827608
100000	1	24	4	636.81	390827152
100000	1	32	0	638.72	390826620
100000	1	32	1	625.03	390826060
100000	1	32	2	625.30	390826164
100000	1	32	3	630.05	390826176
100000	1	32	4	626.08	390827208
100000	2	1	0	3864.27	390646664
100000	2	1	1	3513.59	390780808
100000	2	1	2	3473.02	390825380
100000	2	1	3	3474.74	390826156
100000	2	1	4	3473.22	390827628
100000	2	2	0	1915.36	390827660
100000	2	2	1	1912.40	390826888
100000	2	2	2	1899.53	390827512
100000	2	2	3	1905.72	390826928
100000	2	2	4	1913.95	390826924
100000	2	3	0	1407.44	390825936
100000	2	3	1	1413.79	390826792
100000	2	3	2	1414.19	390825640
100000	2	3	3	1406.00	390825996
100000	2	3	4	1402.28	390827412
100000	2	4	0	1158.65	390825216
100000	2	4	1	1157.94	390827780
100000	2	4	2	1154.60	390825972
100000	2	4	3	1155.40	390826356
100000	2	4	4	1159.49	390825648
100000	2	6	0	917.19	390824264
100000	2	6	1	923.13	390825904
100000	2	6	2	921.84	390826796
100000	2	6	3	914.32	390825840
100000	2	6	4	916.45	390827796
100000	2	8	0	800.97	390825360
100000	2	8	1	805.41	390826180
100000	2	8	2	800.08	390827888
100000	2	8	3	807.51	390825524
100000	2	8	4	806.14	390827748
100000	2	12	0	695.19	390826372
100000	2	12	1	694.46	390826760
100000	2	12	2	697.04	390825456
100000	2	12	3	694.22	390825748
100000	2	12	4	702.92	390827496
100000	2	16	0	666.03	390825328
100000	2	16	1	656.61	390825060
100000	2	16	2	666.07	390826788
100000	2	16	3	665.61	390825432
100000	2	16	4	666.82	390825404
100000	2	24	0	646.80	390825372
100000	2	24	1	644.31	390827460
100000	2	24	2	646.53	390825568
100000	2	24	3	635.14	390827348
100000	2	24	4	643.75	390825348
100000	2	32	0	634.62	390827212
100000	2	32	1	640.98	390827384
100000	2	32	2	644.46	390826348
100000	2	32	3	649.99	390826268
100000	2	32	4	636.59	390827076
100000	3	1	0	3827.17	390657180
100000	3	1	1	3433.53	390806612
100000	3	1	2	3412.65	390826620
100000	3	1	3	3400.36	390827248
100000	3	1	4	3410.91	390826964
100000	3	2	0	1872.05	390827004
100000	3	2	1	1880.48	390826892
100000	3	2	2	1882.99	390825940
100000	3	2	3	1874.21	390826908
100000	3	2	4	1880.61	390826052
100000	3	3	0	1387.74	390825132
100000	3	3	1	1377.54	390825976
100000	3	3	2	1378.04	390827488
100000	3	3	3	1383.19	390826340
100000	3	3	4	1390.91	390825464
100000	3	4	0	1137.73	390826384
100000	3	4	1	1143.25	390826536
100000	3	4	2	1139.80	390825960
100000	3	4	3	1135.07	390826972
100000	3	4	4	1146.36	390826544
100000	3	6	0	898.55	390825396
100000	3	6	1	898.31	390824668
100000	3	6	2	901.50	390825000
100000	3	6	3	907.63	390825560
100000	3	6	4	908.32	390825408
100000	3	8	0	795.17	390826056
100000	3	8	1	784.95	390825640
100000	3	8	2	794.22	390825064
100000	3	8	3	795.28	390826100
100000	3	8	4	786.31	390826728
100000	3	12	0	686.74	390825696
100000	3	12	1	692.92	390827020
100000	3	12	2	692.75	390826820
100000	3	12	3	693.88	390825772
100000	3	12	4	687.11	390827796
100000	3	16	0	645.14	390826688
100000	3	16	1	653.93	390825796
100000	3	16	2	654.20	390825456
100000	3	16	3	647.73	390826832
100000	3	16	4	646.62	390827348
100000	3	24	0	626.90	390827532
100000	3	24	1	636.16	390826140
100000	3	24	2	627.86	390826836
100000	3	24	3	637.86	390828036
100000	3	24	4	631.78	390826952
100000	3	32	0	635.21	390825956
100000	3	32	1	629.38	390826092
100000	3	32	2	636.62	390827188
100000	3	32	3	626.28	390827084
100000	3	32	4	635.24	390825844
100000	4	1	0	3770.63	390677908
100000	4	1	1	3594.51	390775388
100000	4	1	2	3585.08	390774300
100000	4	1	3	3581.83	390778120
100000	4	1	4	3574.07	390776456
100000	4	2	0	2008.82	390777240
100000	4	2	1	2002.71	390774184
100000	4	2	2	1999.92	390775328
100000	4	2	3	1996.38	390774972
100000	4	2	4	2003.98	390775576
100000	4	3	0	1482.47	390775772
100000	4	3	1	1485.27	390775288
100000	4	3	2	1493.85	390774012
100000	4	3	3	1481.79	390775572
100000	4	3	4	1489.71	390773068
100000	4	4	0	1237.48	390773204
100000	4	4	1	1223.25	390772600
100000	4	4	2	1226.06	390772572
100000	4	4	3	1229.59	390772476
100000	4	4	4	1228.60	390773556
100000	4	6	0	993.00	390772056
100000	4	6	1	985.29	390770068
100000	4	6	2	984.70	390771152
100000	4	6	3	988.64	390772228
100000	4	6	4	988.90	390774152
100000	4	8	0	875.74	390770700
100000	4	8	1	883.29	390770316
100000	4	8	2	885.62	390769796
100000	4	8	3	888.56	390771032
100000	4	8	4	889.35	390770968
100000	4	12	0	797.81	390769328
100000	4	12	1	796.78	390767416
100000	4	12	2	795.81	390769728
100000	4	12	3	796.83	390765596
100000	4	12	4	788.65	390764500
100000	4	16	0	769.23	390760240
100000	4	16	1	768.67	390764344
100000	4	16	2	760.96	390765400
100000	4	16	3	767.60	390760616
100000	4	16	4	772.15	390762396
100000	4	24	0	784.50	390756284
100000	4	24	1	795.32	390753332
100000	4	24	2	780.62	390755016
100000	4	24	3	784.63	390760160
100000	4	24	4	791.01	390752280
100000	4	32	0	821.43	390745124
100000	4	32	1	828.05	390744148
100000	4	32	2	829.75	390746312
100000	4	32	3	831.83	390749392
100000	4	32	4	838.12	390744304
200000	0	1	0	18477.27	1562712216
200000	0	1	1	18462.82	1562714268
200000	0	1	2	18444.90	1562713916
200000	0	8	0	3723.79	1562713804
200000	0	8	1	3700.53	1562711796
200000	0	8	2	3715.30	1562716052
200000	0	32	0	2801.69	1562711044
200000	0	32	1	2746.44	1562715928
200000	0	32	2	2690.36	1562713124
